,name,Name,Number,r,g,b,R,G,B,Hue
0,Blue,Air Force Blue (Raf),#5d8aa8,93,138,168,0.36470588235294116,0.5411764705882353,0.6588235294117647,239.85882352941175
1,Blue,Air Force Blue (Usaf),#00308f,0,48,143,0.0,0.18823529411764706,0.5607843137254902,239.92102015631428
2,Blue,Air Superiority Blue,#72a0c1,114,160,193,0.4470588235294118,0.6274509803921569,0.7568627450980392,239.86299329858525
3,Scarlet/Rose,Alabama Crimson,#a32638,163,38,56,0.6392156862745098,0.14901960784313725,0.2196078431372549,359.9661176470588
4,Blue,Alice Blue,#f0f8ff,240,248,255,0.9411764705882353,0.9725490196078431,1.0,239.87450980392157
5,Scarlet/Rose,Alizarin Crimson,#e32636,227,38,54,0.8901960784313725,0.14901960784313725,0.21176470588235294,359.9800809212574
6,Red,Alloy Orange,#c46210,196,98,16,0.7686274509803922,0.3843137254901961,0.06274509803921569,0.10718954248366014
7,Red,Almond,#efdecd,239,222,205,0.9372549019607843,0.8705882352941177,0.803921568627451,0.11764705882352938
8,Scarlet/Rose,Amaranth,#e52b50,229,43,80,0.8980392156862745,0.16862745098039217,0.3137254901960784,359.95319418089815
9,Red,Amber,#ffbf00,255,191,0,1.0,0.7490196078431373,0.0,0.17623990772779702
10,Red,Amber (Sae/Ece),#ff7e00,255,126,0,1.0,0.49411764705882355,0.0,0.11626297577854672
11,Scarlet/Rose,American Rose,#ff033e,255,3,62,1.0,0.011764705882352941,0.24313725490196078,359.94491129785246
12,Warm Blue/Violet,Amethyst,#96c,153,102,204,0.6,0.4,0.8,240.11764705882354
13,Yellow Green/Leaf Green,Android Green,#a4c639,164,198,57,0.6431372549019608,0.7764705882352941,0.2235294117647059,119.82144347100542
14,Blue,Anti-Flash White,#f2f3f4,242,243,244,0.9490196078431372,0.9529411764705882,0.9568627450980393,239.88235294117646
15,Red,Antique Brass,#cd9575,205,149,117,0.803921568627451,0.5843137254901961,0.4588235294117647,0.08556149732620325
16,Scarlet/Rose,Antique Fuchsia,#915c83,145,92,131,0.5686274509803921,0.3607843137254902,0.5137254901960784,359.826859045505
17,Scarlet/Rose,Antique Ruby,#841b2d,132,27,45,0.5176470588235295,0.10588235294117647,0.17647058823529413,359.9596638655462
18,Red,Antique White,#faebd7,250,235,215,0.9803921568627451,0.9215686274509803,0.8431372549019608,0.13445378151260495
19,Green,Ao (English),#008000,0,128,0,0.0,0.5019607843137255,0.0,120.0
20,Yellow Green/Leaf Green,Apple Green,#8db600,141,182,0,0.5529411764705883,0.7137254901960784,0.0,119.81771170006465
21,Red,Apricot,#fbceb1,251,206,177,0.984313725490196,0.807843137254902,0.6941176470588235,0.0922098569157393
22,Green,Aqua,#0ff,0,255,255,0.0,1.0,1.0,120.23529411764706
23,Green,Aquamarine,#7fffd4,127,255,212,0.4980392156862745,1.0,0.8313725490196079,120.15624999999999
24,Yellow Green/Leaf Green,Army Green,#4b5320,75,83,32,0.29411764705882354,0.3254901960784314,0.12549019607843137,119.80161476355248
25,Blue,Arsenic,#3b444b,59,68,75,0.23137254901960785,0.26666666666666666,0.29411764705882354,239.8676470588235
26,Red,Arylide Yellow,#e9d66b,233,214,107,0.9137254901960784,0.8392156862745098,0.4196078431372549,0.19981325863678806
27,Green,Ash Grey,#b2beb5,178,190,181,0.6980392156862745,0.7450980392156863,0.7098039215686275,120.05882352941177
28,Yellow Green/Leaf Green,Asparagus,#87a96b,135,169,107,0.5294117647058824,0.6627450980392157,0.4196078431372549,119.89373814041745
29,Red,Atomic Tangerine,#f96,255,153,102,1.0,0.6,0.4,0.07843137254901959
30,Red,Auburn,#a52a2a,165,42,42,0.6470588235294118,0.16470588235294117,0.16470588235294117,0.0
31,Red,Aureolin,#fdee00,253,238,0,0.9921568627450981,0.9333333333333333,0.0,0.2213438735177866
32,Blue,Aurometalsaurus,#6e7f80,110,127,128,0.43137254901960786,0.4980392156862745,0.5019607843137255,239.7777777777778
33,Yellow Green/Leaf Green,Avocado,#568203,86,130,3,0.33725490196078434,0.5098039215686274,0.011764705882352941,119.84622510421491
34,Blue,Azure,#007fff,0,127,255,0.0,0.4980392156862745,1.0,239.88281430219146
35,Green,Azure Mist/Web,#f0ffff,240,255,255,0.9411764705882353,1.0,1.0,120.23529411764706
36,Blue,Baby Blue,#89cff0,137,207,240,0.5372549019607843,0.8117647058823529,0.9411764705882353,239.84009137635636
37,Blue,Baby Blue Eyes,#a1caf1,161,202,241,0.6313725490196078,0.792156862745098,0.9450980392156862,239.87941176470588
38,Red,Baby Pink,#f4c2c2,244,194,194,0.9568627450980393,0.7607843137254902,0.7607843137254902,0.0
39,Blue,Ball Blue,#21abcd,33,171,205,0.12941176470588237,0.6705882352941176,0.803921568627451,239.81121751025992
40,Red,Banana Mania,#fae7b5,250,231,181,0.9803921568627451,0.9058823529411765,0.7098039215686275,0.1705029838022165
41,Red,Banana Yellow,#ffe135,255,225,53,1.0,0.8823529411764706,0.20784313725490197,0.2003494467093768
42,Red,Barn Red,#7c0a02,124,10,2,0.48627450980392156,0.0392156862745098,0.00784313725490196,0.015429122468659594
43,Red,Battleship Grey,#848482,132,132,130,0.5176470588235295,0.5176470588235295,0.5098039215686274,0.23529411764706132
44,Scarlet/Rose,Bazaar,#98777b,152,119,123,0.596078431372549,0.4666666666666667,0.4823529411764706,359.9714795008913
45,Blue,Beau Blue,#bcd4e6,188,212,230,0.7372549019607844,0.8313725490196079,0.9019607843137255,239.8655462184874
46,Red,Beaver,#9f8170,159,129,112,0.6235294117647059,0.5058823529411764,0.4392156862745098,0.08510638297872339
47,Red,Beige,#f5f5dc,245,245,220,0.9607843137254902,0.9607843137254902,0.8627450980392157,0.23529411764705876
48,Scarlet/Rose,Big Dip O’Ruby,#9c2542,156,37,66,0.611764705882353,0.1450980392156863,0.25882352941176473,359.94265941670784
49,Red,Bisque,#ffe4c4,255,228,196,1.0,0.8941176470588236,0.7686274509803922,0.127617148554337
50,Red,Bistre,#3d2b1f,61,43,31,0.23921568627450981,0.16862745098039217,0.12156862745098039,0.09411764705882356
51,Red,Bittersweet,#fe6f5e,254,111,94,0.996078431372549,0.43529411764705883,0.3686274509803922,0.024999999999999994
52,Scarlet/Rose,Bittersweet Shimmer,#bf4f51,191,79,81,0.7490196078431373,0.30980392156862746,0.3176470588235294,359.9957983193277
53,Scarlet/Rose,Black,#000,0,0,0,0.0,0.0,0.0,
54,Red,Black Bean,#3d0c02,61,12,2,0.23921568627450981,0.047058823529411764,0.00784313725490196,0.0398803589232303
55,Green,Black Leather Jacket,#253529,37,53,41,0.1450980392156863,0.20784313725490197,0.1607843137254902,120.05882352941177
56,Yellow Green/Leaf Green,Black Olive,#3b3c36,59,60,54,0.23137254901960785,0.23529411764705882,0.21176470588235294,119.80392156862746
57,Red,Blanched Almond,#ffebcd,255,235,205,1.0,0.9215686274509803,0.803921568627451,0.1411764705882352
58,Red,Blast-Off Bronze,#a57164,165,113,100,0.6470588235294118,0.44313725490196076,0.39215686274509803,0.04705882352941175
59,Blue,Bleu De France,#318ce7,49,140,231,0.19215686274509805,0.5490196078431373,0.9058823529411765,239.88235294117646
60,Blue,Blizzard Blue,#ace5ee,172,229,238,0.6745098039215687,0.8980392156862745,0.9333333333333333,239.79679144385025
61,Red,Blond,#faf0be,250,240,190,0.9803921568627451,0.9411764705882353,0.7450980392156863,0.196078431372549
62,Warm Blue/Violet,Blue,#00f,0,0,255,0.0,0.0,1.0,240.0
63,Warm Blue/Violet,Blue Bell,#a2a2d0,162,162,208,0.6352941176470588,0.6352941176470588,0.8156862745098039,240.0
64,Blue,Blue (Crayola),#1f75fe,31,117,254,0.12156862745098039,0.4588235294117647,0.996078431372549,239.90925877077288
65,Blue,Blue Gray,#69c,102,153,204,0.4,0.6,0.8,239.88235294117646
66,Blue,Blue-Green,#0d98ba,13,152,186,0.050980392156862744,0.596078431372549,0.7294117647058823,239.81094865691944
67,Blue,Blue (Munsell),#0093af,0,147,175,0.0,0.5764705882352941,0.6862745098039216,239.80235294117648
68,Blue,Blue (Ncs),#0087bd,0,135,189,0.0,0.5294117647058824,0.7411764705882353,239.83193277310926
69,Warm Blue/Violet,Blue (Pigment),#339,51,51,153,0.2,0.2,0.6,240.0
70,Blue,Blue (Ryb),#0247fe,2,71,254,0.00784313725490196,0.2784313725490196,0.996078431372549,239.93557422969187
71,Blue,Blue Sapphire,#126180,18,97,128,0.07058823529411765,0.3803921568627451,0.5019607843137255,239.83101604278073
72,Warm Blue/Violet,Blue-Violet,#8a2be2,138,43,226,0.5411764705882353,0.16862745098039217,0.8862745098039215,240.12214721954354
73,Scarlet/Rose,Blush,#de5d83,222,93,131,0.8705882352941177,0.36470588235294116,0.5137254901960784,359.93068855449155
74,Red,Bole,#79443b,121,68,59,0.4745098039215686,0.26666666666666666,0.23137254901960785,0.03415559772296014
75,Blue,Bondi Blue,#0095b6,0,149,182,0.0,0.5843137254901961,0.7137254901960784,239.80736910148676
76,Red,Bone,#e3dac9,227,218,201,0.8901960784313725,0.8549019607843137,0.788235294117647,0.15384615384615383
77,Red,Boston University Red,#c00,204,0,0,0.8,0.0,0.0,0.0
78,Green,Bottle Green,#006a4e,0,106,78,0.0,0.41568627450980394,0.3058823529411765,120.173140954495
79,Scarlet/Rose,Boysenberry,#873260,135,50,96,0.5294117647058824,0.19607843137254902,0.3764705882352941,359.8726643598616
80,Blue,Brandeis Blue,#0070ff,0,112,255,0.0,0.4392156862745098,1.0,239.89665513264129
81,Red,Brass,#b5a642,181,166,66,0.7098039215686275,0.6509803921568628,0.25882352941176473,0.20460358056265984
82,Scarlet/Rose,Brick Red,#cb4154,203,65,84,0.796078431372549,0.2549019607843137,0.32941176470588235,359.96760443307755
83,Blue,Bright Cerulean,#1dacd6,29,172,214,0.11372549019607843,0.6745098039215687,0.8392156862745098,239.81812400635928
84,Yellow Green/Leaf Green,Bright Green,#6f0,102,255,0,0.4,1.0,0.0,119.90588235294118
85,Warm Blue/Violet,Bright Lavender,#bf94e4,191,148,228,0.7490196078431373,0.5803921568627451,0.8941176470588236,240.1264705882353
86,Scarlet/Rose,Bright Maroon,#c32148,195,33,72,0.7647058823529411,0.12941176470588237,0.2823529411764706,359.9433551198257
87,Scarlet/Rose,Bright Pink,#ff007f,255,0,127,1.0,0.0,0.4980392156862745,359.8828143021915
88,Green,Bright Turquoise,#08e8de,8,232,222,0.03137254901960784,0.9098039215686274,0.8705882352941177,120.2247899159664
89,Warm Blue/Violet,Bright Ube,#d19fe8,209,159,232,0.8196078431372549,0.6235294117647059,0.9098039215686274,240.1611603545528
90,Warm Blue/Violet,Brilliant Lavender,#f4bbff,244,187,255,0.9568627450980393,0.7333333333333333,1.0,240.19723183391002
91,Scarlet/Rose,Brilliant Rose,#ff55a3,255,85,163,1.0,0.3333333333333333,0.6392156862745098,359.89204152249135
92,Scarlet/Rose,Brink Pink,#fb607f,251,96,127,0.984313725490196,0.3764705882352941,0.4980392156862745,359.9529411764706
93,Green,British Racing Green,#004225,0,66,37,0.0,0.25882352941176473,0.1450980392156863,120.1319073083779
94,Red,Bronze,#cd7f32,205,127,50,0.803921568627451,0.4980392156862745,0.19607843137254902,0.11688804554079697
95,Red,Brown (Traditional),#964b00,150,75,0,0.5882352941176471,0.29411764705882354,0.0,0.11764705882352941
96,Red,Brown (Web),#a52a2a,165,42,42,0.6470588235294118,0.16470588235294117,0.16470588235294117,0.0
97,Scarlet/Rose,Bubble Gum,#ffc1cc,255,193,204,1.0,0.7568627450980392,0.8,359.9582542694497
98,Blue,Bubbles,#e7feff,231,254,255,0.9058823529411765,0.996078431372549,1.0,239.77450980392157
99,Red,Buff,#f0dc82,240,220,130,0.9411764705882353,0.8627450980392157,0.5098039215686274,0.19251336898395724
100,Scarlet/Rose,Bulgarian Rose,#480607,72,6,7,0.2823529411764706,0.023529411764705882,0.027450980392156862,359.9964349376114
101,Scarlet/Rose,Burgundy,#800020,128,0,32,0.5019607843137255,0.0,0.12549019607843137,359.94117647058823
102,Red,Burlywood,#deb887,222,184,135,0.8705882352941177,0.7215686274509804,0.5294117647058824,0.13252197430696416
103,Red,Burnt Orange,#c50,204,85,0,0.8,0.3333333333333333,0.0,0.0980392156862745
104,Red,Burnt Sienna,#e97451,233,116,81,0.9137254901960784,0.4549019607843137,0.3176470588235294,0.0541795665634675
105,Red,Burnt Umber,#8a3324,138,51,36,0.5411764705882353,0.2,0.1411764705882353,0.034602076124567484
106,Scarlet/Rose,Byzantine,#bd33a4,189,51,164,0.7411764705882353,0.2,0.6431372549019608,359.8073316283035
107,Scarlet/Rose,Byzantium,#702963,112,41,99,0.4392156862745098,0.1607843137254902,0.38823529411764707,359.80778790389394
108,Blue,Cadet,#536872,83,104,114,0.3254901960784314,0.40784313725490196,0.4470588235294118,239.8406072106262
109,Blue,Cadet Blue,#5f9ea0,95,158,160,0.37254901960784315,0.6196078431372549,0.6274509803921569,239.77194570135745
110,Blue,Cadet Grey,#91a3b0,145,163,176,0.5686274509803921,0.6392156862745098,0.6901960784313725,239.86337760910814
111,Green,Cadmium Green,#006b3c,0,107,60,0.0,0.4196078431372549,0.23529411764705882,120.13194062671799
112,Red,Cadmium Orange,#ed872d,237,135,45,0.9294117647058824,0.5294117647058824,0.17647058823529413,0.1102941176470588
113,Scarlet/Rose,Cadmium Red,#e30022,227,0,34,0.8901960784313725,0.0,0.13333333333333333,359.9647577092511
114,Red,Cadmium Yellow,#fff600,255,246,0,1.0,0.9647058823529412,0.0,0.2269896193771626
115,Red,Café Au Lait,#a67b5b,166,123,91,0.6509803921568628,0.4823529411764706,0.3568627450980392,0.1003921568627451
116,Red,Café Noir,#4b3621,75,54,33,0.29411764705882354,0.21176470588235294,0.12941176470588237,0.11764705882352938
117,Green,Cal Poly Green,#1e4d2b,30,77,43,0.11764705882352941,0.30196078431372547,0.16862745098039217,120.06508135168963
118,Green,Cambridge Blue,#a3c1ad,163,193,173,0.6392156862745098,0.7568627450980392,0.6784313725490196,120.07843137254902
119,Red,Camel,#c19a6b,193,154,107,0.7568627450980392,0.6039215686274509,0.4196078431372549,0.1285909712722298
120,Scarlet/Rose,Cameo Pink,#efbbcc,239,187,204,0.9372549019607843,0.7333333333333333,0.8,359.9230769230769
121,Yellow Green/Leaf Green,Camouflage Green,#78866b,120,134,107,0.47058823529411764,0.5254901960784314,0.4196078431372549,119.8867102396514
122,Red,Canary Yellow,#ffef00,255,239,0,1.0,0.9372549019607843,0.0,0.22053056516724337
123,Red,Candy Apple Red,#ff0800,255,8,0,1.0,0.03137254901960784,0.0,0.007381776239907727
124,Scarlet/Rose,Candy Pink,#e4717a,228,113,122,0.8941176470588236,0.44313725490196076,0.47843137254901963,359.98158567774937
125,Blue,Capri,#00bfff,0,191,255,0.0,0.7490196078431373,1.0,239.8237600922722
126,Red,Caput Mortuum,#592720,89,39,32,0.34901960784313724,0.15294117647058825,0.12549019607843137,0.028895768833849346
127,Scarlet/Rose,Cardinal,#c41e3a,196,30,58,0.7686274509803922,0.11764705882352941,0.22745098039215686,359.9603118355776
128,Green,Caribbean Green,#0c9,0,204,153,0.0,0.8,0.6,120.17647058823529
129,Scarlet/Rose,Carmine,#960018,150,0,24,0.5882352941176471,0.0,0.09411764705882353,359.96235294117645
130,Scarlet/Rose,Carmine (M&P),#d70040,215,0,64,0.8431372549019608,0.0,0.25098039215686274,359.9299589603283
131,Red,Carmine Pink,#eb4c42,235,76,66,0.9215686274509803,0.2980392156862745,0.25882352941176473,0.013922728854855541
132,Scarlet/Rose,Carmine Red,#ff0038,255,0,56,1.0,0.0,0.2196078431372549,359.94832756632064
133,Scarlet/Rose,Carnation Pink,#ffa6c9,255,166,201,1.0,0.6509803921568628,0.788235294117647,359.9074686054197
134,Red,Carnelian,#b31b1b,179,27,27,0.7019607843137254,0.10588235294117647,0.10588235294117647,0.0
135,Blue,Carolina Blue,#99badd,153,186,221,0.6,0.7294117647058823,0.8666666666666667,239.88581314878894
136,Red,Carrot Orange,#ed9121,237,145,33,0.9294117647058824,0.5686274509803921,0.12941176470588237,0.12918108419838523
137,Blue,Catalina Blue,#062a78,6,42,120,0.023529411764705882,0.16470588235294117,0.47058823529411764,239.92569659442725
138,Blue,Ceil,#92a1cf,146,161,207,0.5725490196078431,0.6313725490196078,0.8117647058823529,239.9421407907425
139,Green,Celadon,#ace1af,172,225,175,0.6745098039215687,0.8823529411764706,0.6862745098039216,120.01331853496116
140,Blue,Celadon Blue,#007ba7,0,123,167,0.0,0.4823529411764706,0.6549019607843137,239.82669954209229
141,Green,Celadon Green,#2f847c,47,132,124,0.1843137254901961,0.5176470588235295,0.48627450980392156,120.21314878892736
142,Green,Celeste (Colour),#b2ffff,178,255,255,0.6980392156862745,1.0,1.0,120.23529411764706
143,Blue,Celestial Blue,#4997d0,73,151,208,0.28627450980392155,0.592156862745098,0.8156862745098039,239.8640522875817
144,Scarlet/Rose,Cerise,#de3163,222,49,99,0.8705882352941177,0.19215686274509805,0.38823529411764707,359.9319959197552
145,Scarlet/Rose,Cerise Pink,#ec3b83,236,59,131,0.9254901960784314,0.23137254901960785,0.5137254901960784,359.90428713858427
146,Blue,Cerulean,#007ba7,0,123,167,0.0,0.4823529411764706,0.6549019607843137,239.82669954209229
147,Blue,Cerulean Blue,#2a52be,42,82,190,0.16470588235294117,0.3215686274509804,0.7450980392156863,239.93640699523053
148,Blue,Cerulean Frost,#6d9bc3,109,155,195,0.42745098039215684,0.6078431372549019,0.7647058823529411,239.87414500683994
149,Blue,Cg Blue,#007aa5,0,122,165,0.0,0.47843137254901963,0.6470588235294118,239.8260249554367
150,Red,Cg Red,#e03c31,224,60,49,0.8784313725490196,0.23529411764705882,0.19215686274509805,0.014789915966386548
151,Red,Chamoisee,#a0785a,160,120,90,0.6274509803921569,0.47058823529411764,0.35294117647058826,0.10084033613445376
152,Red,Champagne,#fad6a5,250,214,165,0.9803921568627451,0.8392156862745098,0.6470588235294118,0.1356401384083045
153,Blue,Charcoal,#36454f,54,69,79,0.21176470588235294,0.27058823529411763,0.30980392156862746,239.85882352941175
154,Scarlet/Rose,Charm Pink,#e68fac,230,143,172,0.9019607843137255,0.5607843137254902,0.6745098039215687,359.921568627451
155,Yellow Green/Leaf Green,Chartreuse (Traditional),#dfff00,223,255,0,0.8745098039215686,1.0,0.0,119.79423298731257
156,Yellow Green/Leaf Green,Chartreuse (Web),#7fff00,127,255,0,0.4980392156862745,1.0,0.0,119.88281430219146
157,Scarlet/Rose,Cherry,#de3163,222,49,99,0.8705882352941177,0.19215686274509805,0.38823529411764707,359.9319959197552
158,Scarlet/Rose,Cherry Blossom Pink,#ffb7c5,255,183,197,1.0,0.7176470588235294,0.7725490196078432,359.9542483660131
159,Red,Chestnut,#cd5c5c,205,92,92,0.803921568627451,0.3607843137254902,0.3607843137254902,0.0
160,Scarlet/Rose,China Pink,#de6fa1,222,111,161,0.8705882352941177,0.43529411764705883,0.6313725490196078,359.89401165871755
161,Scarlet/Rose,China Rose,#a8516e,168,81,110,0.6588235294117647,0.3176470588235294,0.43137254901960786,359.921568627451
162,Red,Chinese Red,#aa381e,170,56,30,0.6666666666666666,0.2196078431372549,0.11764705882352941,0.043697478991596636
163,Red,Chocolate (Traditional),#7b3f00,123,63,0,0.4823529411764706,0.24705882352941178,0.0,0.1205164992826399
164,Red,Chocolate (Web),#d2691e,210,105,30,0.8235294117647058,0.4117647058823529,0.11764705882352941,0.0980392156862745
165,Red,Chrome Yellow,#ffa700,255,167,0,1.0,0.6549019607843137,0.0,0.15409457900807383
166,Red,Cinereous,#98817b,152,129,123,0.596078431372549,0.5058823529411764,0.4823529411764706,0.048681541582150045
167,Red,Cinnabar,#e34234,227,66,52,0.8901960784313725,0.25882352941176473,0.20392156862745098,0.018823529411764715
168,Red,Cinnamon,#d2691e,210,105,30,0.8235294117647058,0.4117647058823529,0.11764705882352941,0.0980392156862745
169,Red,Citrine,#e4d00a,228,208,10,0.8941176470588236,0.8156862745098039,0.0392156862745098,0.21370750134916353
170,Scarlet/Rose,Classic Rose,#fbcce7,251,204,231,0.984313725490196,0.8,0.9058823529411765,359.8648310387985
171,Blue,Cobalt,#0047ab,0,71,171,0.0,0.2784313725490196,0.6705882352941176,239.90230478156175
172,Red,Cocoa Brown,#d2691e,210,105,30,0.8235294117647058,0.4117647058823529,0.11764705882352941,0.0980392156862745
173,Red,Coffee,#6f4e37,111,78,55,0.43529411764705883,0.3058823529411765,0.21568627450980393,0.09663865546218488
174,Blue,Columbia Blue,#9bddff,155,221,255,0.6078431372549019,0.8666666666666667,1.0,239.84470588235294
175,Red,Congo Pink,#f88379,248,131,121,0.9725490196078431,0.5137254901960784,0.4745098039215686,0.018527095877721153
176,Blue,Cool Black,#002e63,0,46,99,0.0,0.1803921568627451,0.38823529411764707,239.89067142008318
177,Blue,Cool Grey,#8c92ac,140,146,172,0.5490196078431373,0.5725490196078431,0.6745098039215687,239.95588235294116
178,Red,Copper,#b87333,184,115,51,0.7215686274509804,0.45098039215686275,0.2,0.11322423706324636
179,Red,Copper (Crayola),#da8a67,218,138,103,0.8549019607843137,0.5411764705882353,0.403921568627451,0.07161125319693093
180,Red,Copper Penny,#ad6f69,173,111,105,0.6784313725490196,0.43529411764705883,0.4117647058823529,0.02076124567474051
181,Red,Copper Red,#cb6d51,203,109,81,0.796078431372549,0.42745098039215684,0.3176470588235294,0.05400192864030858
182,Red,Copper Rose,#966,153,102,102,0.6,0.4,0.4,0.0
183,Red,Coquelicot,#ff3800,255,56,0,1.0,0.2196078431372549,0.0,0.0516724336793541
184,Red,Coral,#ff7f50,255,127,80,1.0,0.4980392156862745,0.3137254901960784,0.06319327731092438
185,Red,Coral Pink,#f88379,248,131,121,0.9725490196078431,0.5137254901960784,0.4745098039215686,0.018527095877721153
186,Red,Coral Red,#ff4040,255,64,64,1.0,0.25098039215686274,0.25098039215686274,0.0
187,Scarlet/Rose,Cordovan,#893f45,137,63,69,0.5372549019607843,0.24705882352941178,0.27058823529411763,359.9809220985692
188,Red,Corn,#fbec5d,251,236,93,0.984313725490196,0.9254901960784314,0.36470588235294116,0.21295606850335072
189,Red,Cornell Red,#b31b1b,179,27,27,0.7019607843137254,0.10588235294117647,0.10588235294117647,0.0
190,Blue,Cornflower Blue,#6495ed,100,149,237,0.39215686274509803,0.5843137254901961,0.9294117647058824,239.9158437097467
191,Red,Cornsilk,#fff8dc,255,248,220,1.0,0.9725490196078431,0.8627450980392157,0.18823529411764697
192,Red,Cosmic Latte,#fff8e7,255,248,231,1.0,0.9725490196078431,0.9058823529411765,0.16666666666666663
193,Scarlet/Rose,Cotton Candy,#ffbcd9,255,188,217,1.0,0.7372549019607844,0.8509803921568627,359.8981562774363
194,Red,Cream,#fffdd0,255,253,208,1.0,0.9921568627450981,0.8156862745098039,0.22528160200250316
195,Scarlet/Rose,Crimson,#dc143c,220,20,60,0.8627450980392157,0.0784313725490196,0.23529411764705882,359.9529411764706
196,Scarlet/Rose,Crimson Glory,#be0032,190,0,50,0.7450980392156863,0.0,0.19607843137254902,359.938080495356
197,Green,Cyan,#0ff,0,255,255,0.0,1.0,1.0,120.23529411764706
198,Blue,Cyan (Process),#00b7eb,0,183,235,0.0,0.7176470588235294,0.9215686274509803,239.81677096370464
199,Red,Daffodil,#ffff31,255,255,49,1.0,1.0,0.19215686274509805,0.23529411764705882
200,Red,Dandelion,#f0e130,240,225,48,0.9411764705882353,0.8823529411764706,0.18823529411764706,0.21691176470588233
201,Warm Blue/Violet,Dark Blue,#00008b,0,0,139,0.0,0.0,0.5450980392156862,240.0
202,Red,Dark Brown,#654321,101,67,33,0.396078431372549,0.2627450980392157,0.12941176470588237,0.11764705882352941
203,Scarlet/Rose,Dark Byzantium,#5d3954,93,57,84,0.36470588235294116,0.2235294117647059,0.32941176470588235,359.8235294117647
204,Red,Dark Candy Apple Red,#a40000,164,0,0,0.6431372549019608,0.0,0.0,0.0
205,Blue,Dark Cerulean,#08457e,8,69,126,0.03137254901960784,0.27058823529411763,0.49411764705882355,239.87836490528414
206,Red,Dark Chestnut,#986960,152,105,96,0.596078431372549,0.4117647058823529,0.3764705882352941,0.03781512605042015
207,Red,Dark Coral,#cd5b45,205,91,69,0.803921568627451,0.3568627450980392,0.27058823529411763,0.038062283737024236
208,Green,Dark Cyan,#008b8b,0,139,139,0.0,0.5450980392156862,0.5450980392156862,120.23529411764706
209,Blue,Dark Electric Blue,#536878,83,104,120,0.3254901960784314,0.40784313725490196,0.47058823529411764,239.8664546899841
210,Red,Dark Goldenrod,#b8860b,184,134,11,0.7215686274509804,0.5254901960784314,0.043137254901960784,0.16729003740224413
211,Scarlet/Rose,Dark Gray,#a9a9a9,169,169,169,0.6627450980392157,0.6627450980392157,0.6627450980392157,
212,Green,Dark Green,#013220,1,50,32,0.00392156862745098,0.19607843137254902,0.12549019607843137,120.14885954381752
213,Blue,Dark Imperial Blue,#00416a,0,65,106,0.0,0.2549019607843137,0.41568627450980394,239.85571587125415
214,Green,Dark Jungle Green,#1a2421,26,36,33,0.10196078431372549,0.1411764705882353,0.12941176470588237,120.16470588235295
215,Red,Dark Khaki,#bdb76b,189,183,107,0.7411764705882353,0.7176470588235294,0.4196078431372549,0.21807747489239598
216,Red,Dark Lava,#483c32,72,60,50,0.2823529411764706,0.23529411764705882,0.19607843137254902,0.10695187165775401
217,Warm Blue/Violet,Dark Lavender,#734f96,115,79,150,0.45098039215686275,0.30980392156862746,0.5882352941176471,240.11930405965202
218,Scarlet/Rose,Dark Magenta,#8b008b,139,0,139,0.5450980392156862,0.0,0.5450980392156862,359.7647058823529
219,Blue,Dark Midnight Blue,#036,0,51,102,0.0,0.2,0.4,239.88235294117646
220,Yellow Green/Leaf Green,Dark Olive Green,#556b2f,85,107,47,0.3333333333333333,0.4196078431372549,0.1843137254901961,119.85098039215686
221,Red,Dark Orange,#ff8c00,255,140,0,1.0,0.5490196078431373,0.0,0.12918108419838523
222,Warm Blue/Violet,Dark Orchid,#9932cc,153,50,204,0.6,0.19607843137254902,0.8,240.15737203972498
223,Blue,Dark Pastel Blue,#779ecb,119,158,203,0.4666666666666667,0.6196078431372549,0.796078431372549,239.890756302521
224,Green,Dark Pastel Green,#03c03c,3,192,60,0.011764705882352941,0.7529411764705882,0.23529411764705882,120.07096171802053
225,Warm Blue/Violet,Dark Pastel Purple,#966fd6,150,111,214,0.5882352941176471,0.43529411764705883,0.8392156862745098,240.08909194745857
226,Red,Dark Pastel Red,#c23b22,194,59,34,0.7607843137254902,0.23137254901960785,0.13333333333333333,0.03676470588235295
227,Scarlet/Rose,Dark Pink,#e75480,231,84,128,0.9058823529411765,0.32941176470588235,0.5019607843137255,359.92957182873147
228,Blue,Dark Powder Blue,#039,0,51,153,0.0,0.2,0.6,239.921568627451
229,Scarlet/Rose,Dark Raspberry,#872657,135,38,87,0.5294117647058824,0.14901960784313725,0.3411764705882353,359.8811400848999
230,Red,Dark Red,#8b0000,139,0,0,0.5450980392156862,0.0,0.0,0.0
231,Red,Dark Salmon,#e9967a,233,150,122,0.9137254901960784,0.5882352941176471,0.47843137254901963,0.059353471118177
232,Scarlet/Rose,Dark Scarlet,#560319,86,3,25,0.33725490196078434,0.011764705882352941,0.09803921568627451,359.9376328844791
233,Green,Dark Sea Green,#8fbc8f,143,188,143,0.5607843137254902,0.7372549019607844,0.5607843137254902,120.0
234,Red,Dark Sienna,#3c1414,60,20,20,0.23529411764705882,0.0784313725490196,0.0784313725490196,0.0
235,Warm Blue/Violet,Dark Slate Blue,#483d8b,72,61,139,0.2823529411764706,0.23921568627450981,0.5450980392156862,240.03318250377075
236,Green,Dark Slate Gray,#2f4f4f,47,79,79,0.1843137254901961,0.30980392156862746,0.30980392156862746,120.23529411764706
237,Green,Dark Spring Green,#177245,23,114,69,0.09019607843137255,0.4470588235294118,0.27058823529411763,120.11893988364577
238,Red,Dark Tan,#918151,145,129,81,0.5686274509803921,0.5058823529411764,0.3176470588235294,0.1764705882352941
239,Red,Dark Tangerine,#ffa812,255,168,18,1.0,0.6588235294117647,0.07058823529411765,0.1489203276247208
240,Red,Dark Taupe,#483c32,72,60,50,0.2823529411764706,0.23529411764705882,0.19607843137254902,0.10695187165775401
241,Scarlet/Rose,Dark Terra Cotta,#cc4e5c,204,78,92,0.8,0.3058823529411765,0.3607843137254902,359.9738562091503
242,Blue,Dark Turquoise,#00ced1,0,206,209,0.0,0.807843137254902,0.8196078431372549,239.76808330987896
243,Warm Blue/Violet,Dark Violet,#9400d3,148,0,211,0.5803921568627451,0.0,0.8274509803921568,240.16504042375243
244,Red,Dark Yellow,#9b870c,155,135,12,0.6078431372549019,0.5294117647058824,0.047058823529411764,0.20238584944467297
245,Green,Dartmouth Green,#00703c,0,112,60,0.0,0.4392156862745098,0.23529411764705882,120.12605042016807
246,Scarlet/Rose,Davy'S Grey,#555,85,85,85,0.3333333333333333,0.3333333333333333,0.3333333333333333,
247,Scarlet/Rose,Debian Red,#d70a53,215,10,83,0.8431372549019608,0.0392156862745098,0.3254901960784314,359.916212338594
248,Scarlet/Rose,Deep Carmine,#a9203e,169,32,62,0.6627450980392157,0.12549019607843137,0.24313725490196078,359.94847574066125
249,Scarlet/Rose,Deep Carmine Pink,#ef3038,239,48,56,0.9372549019607843,0.18823529411764706,0.2196078431372549,359.99014474899906
250,Red,Deep Carrot Orange,#e9692c,233,105,44,0.9137254901960784,0.4117647058823529,0.17254901960784313,0.07594148770619359
251,Scarlet/Rose,Deep Cerise,#da3287,218,50,135,0.8549019607843137,0.19607843137254902,0.5294117647058824,359.8809523809524
252,Red,Deep Champagne,#fad6a5,250,214,165,0.9803921568627451,0.8392156862745098,0.6470588235294118,0.1356401384083045
253,Red,Deep Chestnut,#b94e48,185,78,72,0.7254901960784313,0.3058823529411765,0.2823529411764706,0.012493492972410217
254,Red,Deep Coffee,#704241,112,66,65,0.4392156862745098,0.25882352941176473,0.2549019607843137,0.0050062578222779
255,Scarlet/Rose,Deep Fuchsia,#c154c1,193,84,193,0.7568627450980392,0.32941176470588235,0.7568627450980392,359.7647058823529
256,Green,Deep Jungle Green,#004b49,0,75,73,0.0,0.29411764705882354,0.28627450980392155,120.22901960784314
257,Warm Blue/Violet,Deep Lilac,#95b,153,85,187,0.6,0.3333333333333333,0.7333333333333333,240.15686274509804
258,Scarlet/Rose,Deep Magenta,#c0c,204,0,204,0.8,0.0,0.8,359.7647058823529
259,Red,Deep Peach,#ffcba4,255,203,164,1.0,0.796078431372549,0.6431372549019608,0.10084033613445373
260,Scarlet/Rose,Deep Pink,#ff1493,255,20,147,1.0,0.0784313725490196,0.5764705882352941,359.87284105131414
261,Scarlet/Rose,Deep Ruby,#843f5b,132,63,91,0.5176470588235295,0.24705882352941178,0.3568627450980392,359.90451832907075
262,Red,Deep Saffron,#f93,255,153,51,1.0,0.6,0.2,0.11764705882352941
263,Blue,Deep Sky Blue,#00bfff,0,191,255,0.0,0.7490196078431373,1.0,239.8237600922722
264,Scarlet/Rose,Deep Tuscan Red,#66424d,102,66,77,0.4,0.25882352941176473,0.30196078431372547,359.9281045751634
265,Blue,Denim,#1560bd,21,96,189,0.08235294117647059,0.3764705882352941,0.7411764705882353,239.89495798319328
266,Red,Desert,#c19a6b,193,154,107,0.7568627450980392,0.6039215686274509,0.4196078431372549,0.1285909712722298
267,Red,Desert Sand,#edc9af,237,201,175,0.9294117647058824,0.788235294117647,0.6862745098039216,0.09867172675521818
268,Scarlet/Rose,Dim Gray,#696969,105,105,105,0.4117647058823529,0.4117647058823529,0.4117647058823529,
269,Blue,Dodger Blue,#1e90ff,30,144,255,0.11764705882352941,0.5647058823529412,1.0,239.88078431372548
270,Scarlet/Rose,Dogwood Rose,#d71868,215,24,104,0.8431372549019608,0.09411764705882353,0.40784313725490196,359.90144748999074
271,Yellow Green/Leaf Green,Dollar Bill,#85bb65,133,187,101,0.5215686274509804,0.7333333333333333,0.396078431372549,119.9124487004104
272,Red,Drab,#967117,150,113,23,0.5882352941176471,0.44313725490196076,0.09019607843137255,0.16674386289949047
273,Warm Blue/Violet,Duke Blue,#00009c,0,0,156,0.0,0.0,0.611764705882353,240.0
274,Red,Earth Yellow,#e1a95f,225,169,95,0.8823529411764706,0.6627450980392157,0.37254901960784315,0.13393665158371038
275,Yellow Green/Leaf Green,Ebony,#555d50,85,93,80,0.3333333333333333,0.36470588235294116,0.3137254901960784,119.90950226244344
276,Red,Ecru,#c2b280,194,178,128,0.7607843137254902,0.6980392156862745,0.5019607843137255,0.17825311942959
277,Scarlet/Rose,Eggplant,#614051,97,64,81,0.3803921568627451,0.25098039215686274,0.3176470588235294,359.8787878787879
278,Red,Eggshell,#f0ead6,240,234,214,0.9411764705882353,0.9176470588235294,0.8392156862745098,0.18099547511312206
279,Blue,Egyptian Blue,#1034a6,16,52,166,0.06274509803921569,0.20392156862745098,0.6509803921568628,239.9435294117647
280,Blue,Electric Blue,#7df9ff,125,249,255,0.49019607843137253,0.9764705882352941,1.0,239.77556561085973
281,Scarlet/Rose,Electric Crimson,#ff003f,255,0,63,1.0,0.0,0.24705882352941178,359.9418685121107
282,Green,Electric Cyan,#0ff,0,255,255,0.0,1.0,1.0,120.23529411764706
283,Green,Electric Green,#0f0,0,255,0,0.0,1.0,0.0,120.0
284,Warm Blue/Violet,Electric Indigo,#6f00ff,111,0,255,0.43529411764705883,0.0,1.0,240.1024221453287
285,Warm Blue/Violet,Electric Lavender,#f4bbff,244,187,255,0.9568627450980393,0.7333333333333333,1.0,240.19723183391002
286,Yellow Green/Leaf Green,Electric Lime,#cf0,204,255,0,0.8,1.0,0.0,119.81176470588235
287,Warm Blue/Violet,Electric Purple,#bf00ff,191,0,255,0.7490196078431373,0.0,1.0,240.1762399077278
288,Warm Blue/Violet,Electric Ultramarine,#3f00ff,63,0,255,0.24705882352941178,0.0,1.0,240.05813148788928
289,Warm Blue/Violet,Electric Violet,#8f00ff,143,0,255,0.5607843137254902,0.0,1.0,240.13194925028833
290,Red,Electric Yellow,#ff0,255,255,0,1.0,1.0,0.0,0.23529411764705882
291,Green,Emerald,#50c878,80,200,120,0.3137254901960784,0.7843137254901961,0.47058823529411764,120.07843137254902
292,Scarlet/Rose,English Lavender,#b48395,180,131,149,0.7058823529411765,0.5137254901960784,0.5843137254901961,359.91356542617046
293,Green,Eton Blue,#96c8a2,150,200,162,0.5882352941176471,0.7843137254901961,0.6352941176470588,120.0564705882353
294,Red,Fallow,#c19a6b,193,154,107,0.7568627450980392,0.6039215686274509,0.4196078431372549,0.1285909712722298
295,Red,Falu Red,#801818,128,24,24,0.5019607843137255,0.09411764705882353,0.09411764705882353,0.0
296,Scarlet/Rose,Fandango,#b53389,181,51,137,0.7098039215686275,0.2,0.5372549019607843,359.84434389140273
297,Scarlet/Rose,Fashion Fuchsia,#f400a1,244,0,161,0.9568627450980393,0.0,0.6313725490196078,359.8447444551591
298,Red,Fawn,#e5aa70,229,170,112,0.8980392156862745,0.6666666666666666,0.4392156862745098,0.11664152840623426
299,Green,Feldgrau,#4d5d53,77,93,83,0.30196078431372547,0.36470588235294116,0.3254901960784314,120.08823529411765
300,Yellow Green/Leaf Green,Fern Green,#4f7942,79,121,66,0.30980392156862746,0.4745098039215686,0.25882352941176473,119.94438502673796
301,Red,Ferrari Red,#ff2800,255,40,0,1.0,0.1568627450980392,0.0,0.03690888119953864
302,Red,Field Drab,#6c541e,108,84,30,0.4235294117647059,0.32941176470588235,0.11764705882352941,0.16289592760180996
303,Scarlet/Rose,Fire Engine Red,#ce2029,206,32,41,0.807843137254902,0.12549019607843137,0.1607843137254902,359.98782961460444
304,Red,Firebrick,#b22222,178,34,34,0.6980392156862745,0.13333333333333333,0.13333333333333333,0.0
305,Red,Flame,#e25822,226,88,34,0.8862745098039215,0.34509803921568627,0.13333333333333333,0.0661764705882353
306,Scarlet/Rose,Flamingo Pink,#fc8eac,252,142,172,0.9882352941176471,0.5568627450980392,0.6745098039215687,359.93582887700535
307,Red,Flavescent,#f7e98e,247,233,142,0.9686274509803922,0.9137254901960784,0.5568627450980392,0.20392156862745095
308,Red,Flax,#eedc82,238,220,130,0.9333333333333333,0.8627450980392157,0.5098039215686274,0.19607843137254904
309,Red,Floral White,#fffaf0,255,250,240,1.0,0.9803921568627451,0.9411764705882353,0.1568627450980391
310,Red,Fluorescent Orange,#ffbf00,255,191,0,1.0,0.7490196078431373,0.0,0.17623990772779702
311,Scarlet/Rose,Fluorescent Pink,#ff1493,255,20,147,1.0,0.0784313725490196,0.5764705882352941,359.87284105131414
312,Yellow Green/Leaf Green,Fluorescent Yellow,#cf0,204,255,0,0.8,1.0,0.0,119.81176470588235
313,Scarlet/Rose,Folly,#ff004f,255,0,79,1.0,0.0,0.30980392156862746,359.9271049596309
314,Green,Forest Green (Traditional),#014421,1,68,33,0.00392156862745098,0.26666666666666666,0.12941176470588237,120.11237928007024
315,Green,Forest Green (Web),#228b22,34,139,34,0.13333333333333333,0.5450980392156862,0.13333333333333333,120.0
316,Red,French Beige,#a67b5b,166,123,91,0.6509803921568628,0.4823529411764706,0.3568627450980392,0.1003921568627451
317,Blue,French Blue,#0072bb,0,114,187,0.0,0.4470588235294118,0.7333333333333333,239.85655866624725
318,Warm Blue/Violet,French Lilac,#86608e,134,96,142,0.5254901960784314,0.3764705882352941,0.5568627450980392,240.19437340153453
319,Yellow Green/Leaf Green,French Lime,#cf0,204,255,0,0.8,1.0,0.0,119.81176470588235
320,Scarlet/Rose,French Raspberry,#c72c48,199,44,72,0.7803921568627451,0.17254901960784313,0.2823529411764706,359.95749525616696
321,Scarlet/Rose,French Rose,#f64a8a,246,74,138,0.9647058823529412,0.2901960784313726,0.5411764705882353,359.9124487004104
322,Scarlet/Rose,Fuchsia,#f0f,255,0,255,1.0,0.0,1.0,359.7647058823529
323,Scarlet/Rose,Fuchsia (Crayola),#c154c1,193,84,193,0.7568627450980392,0.32941176470588235,0.7568627450980392,359.7647058823529
324,Scarlet/Rose,Fuchsia Pink,#f7f,255,119,255,1.0,0.4666666666666667,1.0,359.7647058823529
325,Scarlet/Rose,Fuchsia Rose,#c74375,199,67,117,0.7803921568627451,0.2627450980392157,0.4588235294117647,359.91087344028523
326,Red,Fulvous,#e48400,228,132,0,0.8941176470588236,0.5176470588235295,0.0,0.13622291021671828
327,Red,Fuzzy Wuzzy,#c66,204,102,102,0.8,0.4,0.4,0.0
328,Scarlet/Rose,Gainsboro,#dcdcdc,220,220,220,0.8627450980392157,0.8627450980392157,0.8627450980392157,
329,Red,Gamboge,#e49b0f,228,155,15,0.8941176470588236,0.6078431372549019,0.058823529411764705,0.15465341066003863
330,Warm Blue/Violet,Ghost White,#f8f8ff,248,248,255,0.9725490196078431,0.9725490196078431,1.0,240.0
331,Red,Ginger,#b06500,176,101,0,0.6901960784313725,0.396078431372549,0.0,0.13502673796791442
332,Blue,Glaucous,#6082b6,96,130,182,0.3764705882352941,0.5098039215686274,0.7137254901960784,239.90697674418604
333,Blue,Glitter,#e6e8fa,230,232,250,0.9019607843137255,0.9098039215686274,0.9803921568627451,239.9764705882353
334,Red,Gold (Metallic),#d4af37,212,175,55,0.8313725490196079,0.6862745098039216,0.21568627450980393,0.17984263769201947
335,Red,Gold (Web) (Golden),#ffd700,255,215,0,1.0,0.8431372549019608,0.0,0.19838523644752018
336,Red,Golden Brown,#996515,153,101,21,0.6,0.396078431372549,0.08235294117647059,0.14260249554367202
337,Red,Golden Poppy,#fcc200,252,194,0,0.9882352941176471,0.7607843137254902,0.0,0.1811391223155929
338,Red,Golden Yellow,#ffdf00,255,223,0,1.0,0.8745098039215686,0.0,0.20576701268742792
339,Red,Goldenrod,#daa520,218,165,32,0.8549019607843137,0.6470588235294118,0.12549019607843137,0.16824794433902596
340,Yellow Green/Leaf Green,Granny Smith Apple,#a8e4a0,168,228,160,0.6588235294117647,0.8941176470588236,0.6274509803921569,119.97231833910035
341,Scarlet/Rose,Gray,#808080,128,128,128,0.5019607843137255,0.5019607843137255,0.5019607843137255,
342,Yellow Green/Leaf Green,Gray-Asparagus,#465945,70,89,69,0.27450980392156865,0.34901960784313724,0.27058823529411763,119.98823529411764
343,Scarlet/Rose,Gray (Html/Css Gray),#808080,128,128,128,0.5019607843137255,0.5019607843137255,0.5019607843137255,
344,Scarlet/Rose,Gray (X11 Gray),#bebebe,190,190,190,0.7450980392156863,0.7450980392156863,0.7450980392156863,
345,Green,Green (Color Wheel) (X11 Green),#0f0,0,255,0,0.0,1.0,0.0,120.0
346,Green,Green (Crayola),#1cac78,28,172,120,0.10980392156862745,0.6745098039215687,0.47058823529411764,120.15032679738563
347,Green,Green (Html/Css Green),#008000,0,128,0,0.0,0.5019607843137255,0.0,120.0
348,Green,Green (Munsell),#00a877,0,168,119,0.0,0.6588235294117647,0.4666666666666667,120.16666666666667
349,Green,Green (Ncs),#009f6b,0,159,107,0.0,0.6235294117647059,0.4196078431372549,120.15834258231595
350,Green,Green (Pigment),#00a550,0,165,80,0.0,0.6470588235294118,0.3137254901960784,120.11408199643495
351,Yellow Green/Leaf Green,Green (Ryb),#66b032,102,176,50,0.4,0.6901960784313725,0.19607843137254902,119.90289449112979
352,Yellow Green/Leaf Green,Green-Yellow,#adff2f,173,255,47,0.6784313725490196,1.0,0.1843137254901961,119.85746606334841
353,Red,Grullo,#a99a86,169,154,134,0.6627450980392157,0.6039215686274509,0.5254901960784314,0.13445378151260495
354,Green,Guppie Green,#00ff7f,0,255,127,0.0,1.0,0.4980392156862745,120.11718569780854
355,Scarlet/Rose,Halayà úBe,#663854,102,56,84,0.4,0.2196078431372549,0.32941176470588235,359.85677749360616
356,Blue,Han Blue,#446ccf,68,108,207,0.26666666666666666,0.4235294117647059,0.8117647058823529,239.93228946254763
357,Warm Blue/Violet,Han Purple,#5218fa,82,24,250,0.3215686274509804,0.09411764705882353,0.9803921568627451,240.06038521603332
358,Red,Hansa Yellow,#e9d66b,233,214,107,0.9137254901960784,0.8392156862745098,0.4196078431372549,0.19981325863678806
359,Yellow Green/Leaf Green,Harlequin,#3fff00,63,255,0,0.24705882352941178,1.0,0.0,119.94186851211072
360,Scarlet/Rose,Harvard Crimson,#c90016,201,0,22,0.788235294117647,0.0,0.08627450980392157,359.9742464149839
361,Red,Harvest Gold,#da9100,218,145,0,0.8549019607843137,0.5686274509803921,0.0,0.15650296815974096
362,Red,Heart Gold,#808000,128,128,0,0.5019607843137255,0.5019607843137255,0.0,0.23529411764705882
363,Warm Blue/Violet,Heliotrope,#df73ff,223,115,255,0.8745098039215686,0.45098039215686275,1.0,240.18151260504203
364,Scarlet/Rose,Hollywood Cerise,#f400a1,244,0,161,0.9568627450980393,0.0,0.6313725490196078,359.8447444551591
365,Green,Honeydew,#f0fff0,240,255,240,0.9411764705882353,1.0,0.9411764705882353,120.0
366,Blue,Honolulu Blue,#007fbf,0,127,191,0.0,0.4980392156862745,0.7490196078431373,239.84354789036036
367,Green,Hooker'S Green,#49796b,73,121,107,0.28627450980392155,0.4745098039215686,0.4196078431372549,120.16666666666667
368,Scarlet/Rose,Hot Magenta,#ff1dce,255,29,206,1.0,0.11372549019607843,0.807843137254902,359.81572097865694
369,Scarlet/Rose,Hot Pink,#ff69b4,255,105,180,1.0,0.4117647058823529,0.7058823529411765,359.88235294117646
370,Green,Hunter Green,#355e3b,53,94,59,0.20784313725490197,0.3686274509803922,0.23137254901960785,120.03443328550932
371,Blue,Iceberg,#71a6d2,113,166,210,0.44313725490196076,0.6509803921568628,0.8235294117647058,239.87143723468768
372,Red,Icterine,#fcf75e,252,247,94,0.9882352941176471,0.9686274509803922,0.3686274509803922,0.22784810126582278
373,Blue,Imperial Blue,#002395,0,35,149,0.0,0.13725490196078433,0.5843137254901961,239.94472956968022
374,Yellow Green/Leaf Green,Inchworm,#b2ec5d,178,236,93,0.6980392156862745,0.9254901960784314,0.36470588235294116,119.86013986013985
375,Yellow Green/Leaf Green,India Green,#138808,19,136,8,0.07450980392156863,0.5333333333333333,0.03137254901960784,119.97977941176471
376,Red,Indian Red,#cd5c5c,205,92,92,0.803921568627451,0.3607843137254902,0.3607843137254902,0.0
377,Red,Indian Yellow,#e3a857,227,168,87,0.8901960784313725,0.6588235294117647,0.3411764705882353,0.1361344537815126
378,Warm Blue/Violet,Indigo,#6f00ff,111,0,255,0.43529411764705883,0.0,1.0,240.1024221453287
379,Blue,Indigo (Dye),#00416a,0,65,106,0.0,0.2549019607843137,0.41568627450980394,239.85571587125415
380,Warm Blue/Violet,Indigo (Web),#4b0082,75,0,130,0.29411764705882354,0.0,0.5098039215686274,240.13574660633483
381,Blue,International Klein Blue,#002fa7,0,47,167,0.0,0.1843137254901961,0.6549019607843137,239.93377949982388
382,Red,International Orange (Aerospace),#ff4f00,255,79,0,1.0,0.30980392156862746,0.0,0.07289504036908881
383,Red,International Orange (Engineering),#ba160c,186,22,12,0.7294117647058823,0.08627450980392157,0.047058823529411764,0.013522650439486139
384,Red,International Orange (Golden Gate Bridge),#c0362c,192,54,44,0.7529411764705882,0.21176470588235294,0.17254901960784313,0.015898251192368842
385,Warm Blue/Violet,Iris,#5a4fcf,90,79,207,0.35294117647058826,0.30980392156862746,0.8117647058823529,240.02022058823528
386,Red,Isabelline,#f4f0ec,244,240,236,0.9568627450980393,0.9411764705882353,0.9254901960784314,0.117647058823529
387,Green,Islamic Green,#009000,0,144,0,0.0,0.5647058823529412,0.0,120.0
388,Red,Ivory,#fffff0,255,255,240,1.0,1.0,0.9411764705882353,0.23529411764705888
389,Green,Jade,#00a86b,0,168,107,0.0,0.6588235294117647,0.4196078431372549,120.14985994397759
390,Red,Jasmine,#f8de7e,248,222,126,0.9725490196078431,0.8705882352941177,0.49411764705882355,0.18514946962391515
391,Scarlet/Rose,Jasper,#d73b3e,215,59,62,0.8431372549019608,0.23137254901960785,0.24313725490196078,359.99547511312215
392,Scarlet/Rose,Jazzberry Jam,#a50b5e,165,11,94,0.6470588235294118,0.043137254901960784,0.3686274509803922,359.87318563789154
393,Scarlet/Rose,Jet,#343434,52,52,52,0.20392156862745098,0.20392156862745098,0.20392156862745098,
394,Red,Jonquil,#fada5e,250,218,94,0.9803921568627451,0.8549019607843137,0.3686274509803922,0.18702865761689288
395,Yellow Green/Leaf Green,June Bud,#bdda57,189,218,87,0.7411764705882353,0.8549019607843137,0.3411764705882353,119.81679389312977
396,Green,Jungle Green,#29ab87,41,171,135,0.1607843137254902,0.6705882352941176,0.5294117647058824,120.17013574660632
397,Yellow Green/Leaf Green,Kelly Green,#4cbb17,76,187,23,0.2980392156862745,0.7333333333333333,0.09019607843137255,119.92395982783357
398,Red,Kenyan Copper,#7c1c05,124,28,5,0.48627450980392156,0.10980392156862745,0.0196078431372549,0.045477014335145824
399,Red,Khaki (Html/Css) (Khaki),#c3b091,195,176,145,0.7647058823529411,0.6901960784313725,0.5686274509803921,0.1458823529411765
400,Red,Khaki (X11) (Light Khaki),#f0e68c,240,230,140,0.9411764705882353,0.9019607843137255,0.5490196078431373,0.2117647058823529
401,Scarlet/Rose,Ku Crimson,#e8000d,232,0,13,0.9098039215686274,0.0,0.050980392156862744,359.9868154158215
402,Green,La Salle Green,#087830,8,120,48,0.03137254901960784,0.47058823529411764,0.18823529411764706,120.08403361344537
403,Warm Blue/Violet,Languid Lavender,#d6cadd,214,202,221,0.8392156862745098,0.792156862745098,0.8666666666666667,240.1486068111455
404,Blue,Lapis Lazuli,#26619c,38,97,156,0.14901960784313725,0.3803921568627451,0.611764705882353,239.88235294117646
405,Red,Laser Lemon,#fefe22,254,254,34,0.996078431372549,0.996078431372549,0.13333333333333333,0.23529411764705882
406,Yellow Green/Leaf Green,Laurel Green,#a9ba9d,169,186,157,0.6627450980392157,0.7294117647058823,0.615686274509804,119.90263691683569
407,Scarlet/Rose,Lava,#cf1020,207,16,32,0.8117647058823529,0.06274509803921569,0.12549019607843137,359.98028949799817
408,Warm Blue/Violet,Lavender Blue,#ccf,204,204,255,0.8,0.8,1.0,240.0
409,Scarlet/Rose,Lavender Blush,#fff0f5,255,240,245,1.0,0.9411764705882353,0.9607843137254902,359.921568627451
410,Warm Blue/Violet,Lavender (Floral),#b57edc,181,126,220,0.7098039215686275,0.49411764705882355,0.8627450980392157,240.13767209011266
411,Warm Blue/Violet,Lavender Gray,#c4c3d0,196,195,208,0.7686274509803922,0.7647058823529411,0.8156862745098039,240.01809954751133
412,Warm Blue/Violet,Lavender Indigo,#9457eb,148,87,235,0.5803921568627451,0.3411764705882353,0.9215686274509803,240.09697933227346
413,Scarlet/Rose,Lavender Magenta,#ee82ee,238,130,238,0.9333333333333333,0.5098039215686274,0.9333333333333333,359.7647058823529
414,Warm Blue/Violet,Lavender Mist,#e6e6fa,230,230,250,0.9019607843137255,0.9019607843137255,0.9803921568627451,240.0
415,Scarlet/Rose,Lavender Pink,#fbaed2,251,174,210,0.984313725490196,0.6823529411764706,0.8235294117647058,359.8899923605806
416,Warm Blue/Violet,Lavender Purple,#967bb6,150,123,182,0.5882352941176471,0.4823529411764706,0.7137254901960784,240.10767696909272
417,Scarlet/Rose,Lavender Rose,#fba0e3,251,160,227,0.984313725490196,0.6274509803921569,0.8901960784313725,359.8267614738203
418,Warm Blue/Violet,Lavender (Web),#e6e6fa,230,230,250,0.9019607843137255,0.9019607843137255,0.9803921568627451,240.0
419,Yellow Green/Leaf Green,Lawn Green,#7cfc00,124,252,0,0.48627450980392156,0.9882352941176471,0.0,119.88422035480859
420,Red,Lemon,#fff700,255,247,0,1.0,0.9686274509803922,0.0,0.22791234140715108
421,Red,Lemon Chiffon,#fffacd,255,250,205,1.0,0.9803921568627451,0.803921568627451,0.21176470588235285
422,Yellow Green/Leaf Green,Lemon Lime,#e3ff00,227,255,0,0.8901960784313725,1.0,0.0,119.7905420991926
423,Red,Licorice,#1a1110,26,17,16,0.10196078431372549,0.06666666666666667,0.06274509803921569,0.023529411764705882
424,Red,Light Apricot,#fdd5b1,253,213,177,0.9921568627450981,0.8352941176470589,0.6941176470588235,0.11145510835913318
425,Blue,Light Blue,#add8e6,173,216,230,0.6784313725490196,0.8470588235294118,0.9019607843137255,239.82249742002065
426,Red,Light Brown,#b5651d,181,101,29,0.7098039215686275,0.396078431372549,0.11372549019607843,0.11145510835913312
427,Scarlet/Rose,Light Carmine Pink,#e66771,230,103,113,0.9019607843137255,0.403921568627451,0.44313725490196076,359.98147290412226
428,Red,Light Coral,#f08080,240,128,128,0.9411764705882353,0.5019607843137255,0.5019607843137255,0.0
429,Blue,Light Cornflower Blue,#93ccea,147,204,234,0.5764705882352941,0.8,0.9176470588235294,239.84584178498986
430,Scarlet/Rose,Light Crimson,#f56991,245,105,145,0.9607843137254902,0.4117647058823529,0.5686274509803921,359.93277310924367
431,Green,Light Cyan,#e0ffff,224,255,255,0.8784313725490196,1.0,1.0,120.23529411764706
432,Scarlet/Rose,Light Fuchsia Pink,#f984ef,249,132,239,0.9764705882352941,0.5176470588235295,0.9372549019607843,359.78481649069886
433,Red,Light Goldenrod Yellow,#fafad2,250,250,210,0.9803921568627451,0.9803921568627451,0.8235294117647058,0.23529411764705882
434,Scarlet/Rose,Light Gray,#d3d3d3,211,211,211,0.8274509803921568,0.8274509803921568,0.8274509803921568,
435,Green,Light Green,#90ee90,144,238,144,0.5647058823529412,0.9333333333333333,0.5647058823529412,120.0
436,Red,Light Khaki,#f0e68c,240,230,140,0.9411764705882353,0.9019607843137255,0.5490196078431373,0.2117647058823529
437,Warm Blue/Violet,Light Pastel Purple,#b19cd9,177,156,217,0.6941176470588235,0.611764705882353,0.8509803921568627,240.08100289296044
438,Scarlet/Rose,Light Pink,#ffb6c1,255,182,193,1.0,0.7137254901960784,0.7568627450980392,359.9645447219984
439,Red,Light Red Ochre,#e97451,233,116,81,0.9137254901960784,0.4549019607843137,0.3176470588235294,0.0541795665634675
440,Red,Light Salmon,#ffa07a,255,160,122,1.0,0.6274509803921569,0.47843137254901963,0.0672268907563025
441,Red,Light Salmon Pink,#f99,255,153,153,1.0,0.6,0.6,0.0
442,Green,Light Sea Green,#20b2aa,32,178,170,0.12549019607843137,0.6980392156862745,0.6666666666666666,120.22240128928283
443,Blue,Light Sky Blue,#87cefa,135,206,250,0.5294117647058824,0.807843137254902,0.9803921568627451,239.8547314578005
444,Blue,Light Slate Gray,#789,119,136,153,0.4666666666666667,0.5333333333333333,0.6,239.88235294117646
445,Red,Light Taupe,#b38b6d,179,139,109,0.7019607843137254,0.5450980392156862,0.42745098039215684,0.10084033613445376
446,Scarlet/Rose,Light Thulian Pink,#e68fac,230,143,172,0.9019607843137255,0.5607843137254902,0.6745098039215687,359.921568627451
447,Red,Light Yellow,#ffffe0,255,255,224,1.0,1.0,0.8784313725490196,0.23529411764705888
448,Scarlet/Rose,Lilac,#c8a2c8,200,162,200,0.7843137254901961,0.6352941176470588,0.7843137254901961,359.7647058823529
449,Yellow Green/Leaf Green,Lime (Color Wheel),#bfff00,191,255,0,0.7490196078431373,1.0,0.0,119.82376009227221
450,Green,Lime Green,#32cd32,50,205,50,0.19607843137254902,0.803921568627451,0.19607843137254902,120.0
451,Green,Lime (Web) (X11 Green),#0f0,0,255,0,0.0,1.0,0.0,120.0
452,Yellow Green/Leaf Green,Limerick,#9dc209,157,194,9,0.615686274509804,0.7607843137254902,0.03529411764705882,119.81176470588235
453,Yellow Green/Leaf Green,Lincoln Green,#195905,25,89,5,0.09803921568627451,0.34901960784313724,0.0196078431372549,119.94397759103641
454,Red,Linen,#faf0e6,250,240,230,0.9803921568627451,0.9411764705882353,0.9019607843137255,0.11764705882352933
455,Red,Lion,#c19a6b,193,154,107,0.7568627450980392,0.6039215686274509,0.4196078431372549,0.1285909712722298
456,Blue,Little Boy Blue,#6ca0dc,108,160,220,0.4235294117647059,0.6274509803921569,0.8627450980392157,239.890756302521
457,Scarlet/Rose,Liver,#534b4f,83,75,79,0.3254901960784314,0.29411764705882354,0.30980392156862746,359.88235294117646
458,Red,Lust,#e62020,230,32,32,0.9019607843137255,0.12549019607843137,0.12549019607843137,0.0
459,Scarlet/Rose,Magenta,#f0f,255,0,255,1.0,0.0,1.0,359.7647058823529
460,Scarlet/Rose,Magenta (Dye),#ca1f7b,202,31,123,0.792156862745098,0.12156862745098039,0.4823529411764706,359.8734090127279
461,Scarlet/Rose,Magenta (Process),#ff0090,255,0,144,1.0,0.0,0.5647058823529412,359.86712802768164
462,Green,Magic Mint,#aaf0d1,170,240,209,0.6666666666666666,0.9411764705882353,0.8196078431372549,120.1310924369748
463,Warm Blue/Violet,Magnolia,#f8f4ff,248,244,255,0.9725490196078431,0.9568627450980393,1.0,240.08556149732618
464,Red,Mahogany,#c04000,192,64,0,0.7529411764705882,0.25098039215686274,0.0,0.0784313725490196
465,Red,Maize,#fbec5d,251,236,93,0.984313725490196,0.9254901960784314,0.36470588235294116,0.21295606850335072
466,Warm Blue/Violet,Majorelle Blue,#6050dc,96,80,220,0.3764705882352941,0.3137254901960784,0.8627450980392157,240.02689075630255
467,Green,Malachite,#0bda51,11,218,81,0.043137254901960784,0.8549019607843137,0.3176470588235294,120.07956805910771
468,Blue,Manatee,#979aaa,151,154,170,0.592156862745098,0.6039215686274509,0.6666666666666666,239.9628482972136
469,Red,Mango Tango,#ff8243,255,130,67,1.0,0.5098039215686274,0.2627450980392157,0.07884856070087608
470,Yellow Green/Leaf Green,Mantis,#74c365,116,195,101,0.4549019607843137,0.7647058823529411,0.396078431372549,119.96245306633293
471,Scarlet/Rose,Mardi Gras,#880085,136,0,133,0.5333333333333333,0.0,0.5215686274509804,359.7698961937716
472,Scarlet/Rose,Maroon (Crayola),#c32148,195,33,72,0.7647058823529411,0.12941176470588237,0.2823529411764706,359.9433551198257
473,Red,Maroon (Html/Css),#800000,128,0,0,0.5019607843137255,0.0,0.0,0.0
474,Scarlet/Rose,Maroon (X11),#b03060,176,48,96,0.6901960784313725,0.18823529411764706,0.3764705882352941,359.9117647058824
475,Warm Blue/Violet,Mauve,#e0b0ff,224,176,255,0.8784313725490196,0.6901960784313725,1.0,240.14296351451972
476,Scarlet/Rose,Mauve Taupe,#915f6d,145,95,109,0.5686274509803921,0.37254901960784315,0.42745098039215684,359.9341176470588
477,Scarlet/Rose,Mauvelous,#ef98aa,239,152,170,0.9372549019607843,0.596078431372549,0.6666666666666666,359.95131845841786
478,Blue,Maya Blue,#73c2fb,115,194,251,0.45098039215686275,0.7607843137254902,0.984313725490196,239.86332179930795
479,Red,Meat Brown,#e5b73b,229,183,59,0.8980392156862745,0.7176470588235294,0.23137254901960785,0.17162629757785466
480,Green,Medium Aquamarine,#6da,102,221,170,0.4,0.8666666666666667,0.6666666666666666,120.1344537815126
481,Warm Blue/Violet,Medium Blue,#0000cd,0,0,205,0.0,0.0,0.803921568627451,240.0
482,Scarlet/Rose,Medium Candy Apple Red,#e2062c,226,6,44,0.8862745098039215,0.023529411764705882,0.17254901960784313,359.95935828877003
483,Red,Medium Carmine,#af4035,175,64,53,0.6862745098039216,0.25098039215686274,0.20784313725490197,0.021215043394406937
484,Red,Medium Champagne,#f3e5ab,243,229,171,0.9529411764705882,0.8980392156862745,0.6705882352941176,0.1895424836601308
485,Blue,Medium Electric Blue,#035096,3,80,150,0.011764705882352941,0.3137254901960784,0.5882352941176471,239.87675070028013
486,Green,Medium Jungle Green,#1c352d,28,53,45,0.10980392156862745,0.20784313725490197,0.17647058823529413,120.16000000000001
487,Scarlet/Rose,Medium Lavender Magenta,#dda0dd,221,160,221,0.8666666666666667,0.6274509803921569,0.8666666666666667,359.7647058823529
488,Warm Blue/Violet,Medium Orchid,#ba55d3,186,85,211,0.7294117647058823,0.3333333333333333,0.8274509803921568,240.1886087768441
489,Blue,Medium Persian Blue,#0067a5,0,103,165,0.0,0.403921568627451,0.6470588235294118,239.85311942959004
490,Warm Blue/Violet,Medium Purple,#9370db,147,112,219,0.5764705882352941,0.4392156862745098,0.8588235294117647,240.07696536558547
491,Scarlet/Rose,Medium Red-Violet,#bb3385,187,51,133,0.7333333333333333,0.2,0.5215686274509804,359.8581314878893
492,Scarlet/Rose,Medium Ruby,#aa4069,170,64,105,0.6666666666666666,0.25098039215686274,0.4117647058823529,359.90899001109875
493,Green,Medium Sea Green,#3cb371,60,179,113,0.23529411764705882,0.7019607843137254,0.44313725490196076,120.10479485912012
494,Warm Blue/Violet,Medium Slate Blue,#7b68ee,123,104,238,0.4823529411764706,0.40784313725490196,0.9333333333333333,240.03336259877082
495,Yellow Green/Leaf Green,Medium Spring Bud,#c9dc87,201,220,135,0.788235294117647,0.8627450980392157,0.5294117647058824,119.81730103806228
496,Green,Medium Spring Green,#00fa9a,0,250,154,0.0,0.9803921568627451,0.6039215686274509,120.14494117647058
497,Red,Medium Taupe,#674c47,103,76,71,0.403921568627451,0.2980392156862745,0.2784313725490196,0.036764705882352915
498,Green,Medium Turquoise,#48d1cc,72,209,204,0.2823529411764706,0.8196078431372549,0.8,120.2267067410906
499,Red,Medium Tuscan Red,#79443b,121,68,59,0.4745098039215686,0.26666666666666666,0.23137254901960785,0.03415559772296014
500,Red,Medium Vermilion,#d9603b,217,96,59,0.8509803921568627,0.3764705882352941,0.23137254901960785,0.055100521221146684
501,Scarlet/Rose,Medium Violet-Red,#c71585,199,21,133,0.7803921568627451,0.08235294117647059,0.5215686274509804,359.8519497686715
502,Red,Mellow Apricot,#f8b878,248,184,120,0.9725490196078431,0.7215686274509804,0.47058823529411764,0.11764705882352941
503,Red,Mellow Yellow,#f8de7e,248,222,126,0.9725490196078431,0.8705882352941177,0.49411764705882355,0.18514946962391515
504,Red,Melon,#fdbcb4,253,188,180,0.9921568627450981,0.7372549019607844,0.7058823529411765,0.0257856567284448
505,Warm Blue/Violet,Midnight Blue,#191970,25,25,112,0.09803921568627451,0.09803921568627451,0.4392156862745098,240.0
506,Blue,Midnight Green (Eagle Green),#004953,0,73,83,0.0,0.28627450980392155,0.3254901960784314,239.79305457122607
507,Red,Mikado Yellow,#ffc40c,255,196,12,1.0,0.7686274509803922,0.047058823529411764,0.17816509319777296
508,Green,Mint,#3eb489,62,180,137,0.24313725490196078,0.7058823529411765,0.5372549019607843,120.1495513459621
509,Green,Mint Cream,#f5fffa,245,255,250,0.9607843137254902,1.0,0.9803921568627451,120.11764705882354
510,Green,Mint Green,#98ff98,152,255,152,0.596078431372549,1.0,0.596078431372549,120.0
511,Red,Misty Rose,#ffe4e1,255,228,225,1.0,0.8941176470588236,0.8823529411764706,0.02352941176470602
512,Red,Moccasin,#faebd7,250,235,215,0.9803921568627451,0.9215686274509803,0.8431372549019608,0.13445378151260495
513,Red,Mode Beige,#967117,150,113,23,0.5882352941176471,0.44313725490196076,0.09019607843137255,0.16674386289949047
514,Blue,Moonstone Blue,#73a9c2,115,169,194,0.45098039215686275,0.6627450980392157,0.7607843137254902,239.8391660461653
515,Red,Mordant Red 19,#ae0c00,174,12,0,0.6823529411764706,0.047058823529411764,0.0,0.016227180527383367
516,Green,Moss Green,#addfad,173,223,173,0.6784313725490196,0.8745098039215686,0.6784313725490196,120.0
517,Green,Mountain Meadow,#30ba8f,48,186,143,0.18823529411764706,0.7294117647058823,0.5607843137254902,120.1619778346121
518,Scarlet/Rose,Mountbatten Pink,#997a8d,153,122,141,0.6,0.47843137254901963,0.5529411764705883,359.85578747628085
519,Green,Msu Green,#18453b,24,69,59,0.09411764705882353,0.27058823529411763,0.23137254901960785,120.1830065359477
520,Scarlet/Rose,Mulberry,#c54b8c,197,75,140,0.7725490196078432,0.29411764705882354,0.5490196078431373,359.87463837994216
521,Red,Mustard,#ffdb58,255,219,88,1.0,0.8588235294117647,0.34509803921568627,0.1845720324057767
522,Yellow Green/Leaf Green,Myrtle,#21421e,33,66,30,0.12941176470588237,0.25882352941176473,0.11764705882352941,119.98039215686275
523,Scarlet/Rose,Nadeshiko Pink,#f6adc6,246,173,198,0.9647058823529412,0.6784313725490196,0.7764705882352941,359.9194198227236
524,Yellow Green/Leaf Green,Napier Green,#2a8000,42,128,0,0.16470588235294117,0.5019607843137255,0.0,119.92279411764706
525,Red,Naples Yellow,#fada5e,250,218,94,0.9803921568627451,0.8549019607843137,0.3686274509803922,0.18702865761689288
526,Red,Navajo White,#ffdead,255,222,173,1.0,0.8705882352941177,0.6784313725490196,0.1406025824964132
527,Warm Blue/Violet,Navy Blue,#000080,0,0,128,0.0,0.0,0.5019607843137255,240.0
528,Red,Neon Carrot,#ffa343,255,163,67,1.0,0.6392156862745098,0.2627450980392157,0.12015018773466833
529,Scarlet/Rose,Neon Fuchsia,#fe4164,254,65,100,0.996078431372549,0.2549019607843137,0.39215686274509803,359.95642701525054
530,Yellow Green/Leaf Green,Neon Green,#39ff14,57,255,20,0.2235294117647059,1.0,0.0784313725490196,119.96295369211514
531,Red,New York Pink,#d7837f,215,131,127,0.8431372549019608,0.5137254901960784,0.4980392156862745,0.010695187165775364
532,Blue,Non-Photo Blue,#a4dded,164,221,237,0.6431372549019608,0.8666666666666667,0.9294117647058824,239.81627719580982
533,Green,North Texas Green,#059033,5,144,51,0.0196078431372549,0.5647058823529412,0.2,120.07786711807026
534,Blue,Ocean Boat Blue,#0077be,0,119,190,0.0,0.4666666666666667,0.7450980392156863,239.85263157894738
535,Red,Ochre,#c72,204,119,34,0.8,0.4666666666666667,0.13333333333333333,0.11764705882352944
536,Green,Office Green,#008000,0,128,0,0.0,0.5019607843137255,0.0,120.0
537,Red,Old Gold,#cfb53b,207,181,59,0.8117647058823529,0.7098039215686275,0.23137254901960785,0.19395866454689983
538,Red,Old Lace,#fdf5e6,253,245,230,0.9921568627450981,0.9607843137254902,0.9019607843137255,0.15345268542199492
539,Scarlet/Rose,Old Lavender,#796878,121,104,120,0.4745098039215686,0.40784313725490196,0.47058823529411764,359.7785467128028
540,Scarlet/Rose,Old Mauve,#673147,103,49,71,0.403921568627451,0.19215686274509805,0.2784313725490196,359.9041394335512
541,Scarlet/Rose,Old Rose,#c08081,192,128,129,0.7529411764705882,0.5019607843137255,0.5058823529411764,359.99632352941177
542,Red,Olive,#808000,128,128,0,0.5019607843137255,0.5019607843137255,0.0,0.23529411764705882
543,Red,Olive Drab #7,#3c341f,60,52,31,0.23529411764705882,0.20392156862745098,0.12156862745098039,0.17038539553752535
544,Yellow Green/Leaf Green,Olive Drab (Web) (Olive Drab #3),#6b8e23,107,142,35,0.4196078431372549,0.5568627450980392,0.13725490196078433,119.84167124793844
545,Yellow Green/Leaf Green,Olivine,#9ab973,154,185,115,0.6039215686274509,0.7254901960784313,0.45098039215686275,119.86890756302522
546,Blue,Onyx,#353839,53,56,57,0.20784313725490197,0.2196078431372549,0.2235294117647059,239.8235294117647
547,Scarlet/Rose,Opera Mauve,#b784a7,183,132,167,0.7176470588235294,0.5176470588235295,0.6549019607843137,359.838523644752
548,Red,Orange (Color Wheel),#ff7f00,255,127,0,1.0,0.4980392156862745,0.0,0.11718569780853517
549,Red,Orange Peel,#ff9f00,255,159,0,1.0,0.6235294117647059,0.0,0.1467128027681661
550,Red,Orange-Red,#ff4500,255,69,0,1.0,0.27058823529411763,0.0,0.06366782006920414
551,Red,Orange (Ryb),#fb9902,251,153,2,0.984313725490196,0.6,0.00784313725490196,0.14268840066146943
552,Red,Orange (Web Color),#ffa500,255,165,0,1.0,0.6470588235294118,0.0,0.1522491349480969
553,Scarlet/Rose,Orchid,#da70d6,218,112,214,0.8549019607843137,0.4392156862745098,0.8392156862745098,359.77358490566036
554,Red,Otter Brown,#654321,101,67,33,0.396078431372549,0.2627450980392157,0.12941176470588237,0.11764705882352941
555,Red,Ou Crimson Red,#900,153,0,0,0.6,0.0,0.0,0.0
556,Blue,Outer Space,#414a4c,65,74,76,0.2549019607843137,0.2901960784313726,0.2980392156862745,239.80748663101602
557,Red,Outrageous Orange,#ff6e4a,255,110,74,1.0,0.43137254901960786,0.2901960784313726,0.04679883002924927
558,Blue,Oxford Blue,#002147,0,33,71,0.0,0.12941176470588237,0.2784313725490196,239.89063794531896
559,Green,Pakistan Green,#060,0,102,0,0.0,0.4,0.0,120.0
560,Blue,Palatinate Blue,#273be2,39,59,226,0.15294117647058825,0.23137254901960785,0.8862745098039215,239.97483485372757
561,Scarlet/Rose,Palatinate Purple,#682860,104,40,96,0.40784313725490196,0.1568627450980392,0.3764705882352941,359.79411764705884
562,Blue,Pale Aqua,#bcd4e6,188,212,230,0.7372549019607844,0.8313725490196079,0.9019607843137255,239.8655462184874
563,Green,Pale Blue,#afeeee,175,238,238,0.6862745098039216,0.9333333333333333,0.9333333333333333,120.23529411764706
564,Red,Pale Brown,#987654,152,118,84,0.596078431372549,0.4627450980392157,0.32941176470588235,0.11764705882352944
565,Red,Pale Carmine,#af4035,175,64,53,0.6862745098039216,0.25098039215686274,0.20784313725490197,0.021215043394406937
566,Blue,Pale Cerulean,#9bc4e2,155,196,226,0.6078431372549019,0.7686274509803922,0.8862745098039215,239.864125932063
567,Scarlet/Rose,Pale Chestnut,#ddadaf,221,173,175,0.8666666666666667,0.6784313725490196,0.6862745098039216,359.9901960784314
568,Red,Pale Copper,#da8a67,218,138,103,0.8549019607843137,0.5411764705882353,0.403921568627451,0.07161125319693093
569,Blue,Pale Cornflower Blue,#abcdef,171,205,239,0.6705882352941176,0.803921568627451,0.9372549019607843,239.88235294117646
570,Red,Pale Gold,#e6be8a,230,190,138,0.9019607843137255,0.7450980392156863,0.5411764705882353,0.1329923273657289
571,Red,Pale Goldenrod,#eee8aa,238,232,170,0.9333333333333333,0.9098039215686274,0.6666666666666666,0.21453287197231835
572,Green,Pale Green,#98fb98,152,251,152,0.596078431372549,0.984313725490196,0.596078431372549,120.0
573,Warm Blue/Violet,Pale Lavender,#dcd0ff,220,208,255,0.8627450980392157,0.8156862745098039,1.0,240.06007509386737
574,Scarlet/Rose,Pale Magenta,#f984e5,249,132,229,0.9764705882352941,0.5176470588235295,0.8980392156862745,359.80492709904473
575,Scarlet/Rose,Pale Pink,#fadadd,250,218,221,0.9803921568627451,0.8549019607843137,0.8666666666666667,359.9779411764706
576,Scarlet/Rose,Pale Plum,#dda0dd,221,160,221,0.8666666666666667,0.6274509803921569,0.8666666666666667,359.7647058823529
577,Scarlet/Rose,Pale Red-Violet,#db7093,219,112,147,0.8588235294117647,0.4392156862745098,0.5764705882352941,359.92303463441453
578,Green,Pale Robin Egg Blue,#96ded1,150,222,209,0.5882352941176471,0.8705882352941177,0.8196078431372549,120.19281045751633
579,Red,Pale Silver,#c9c0bb,201,192,187,0.788235294117647,0.7529411764705882,0.7333333333333333,0.08403361344537834
580,Red,Pale Spring Bud,#ecebbd,236,235,189,0.9254901960784314,0.9215686274509803,0.7411764705882353,0.23028785982478087
581,Red,Pale Taupe,#bc987e,188,152,126,0.7372549019607844,0.596078431372549,0.49411764705882355,0.09867172675521818
582,Scarlet/Rose,Pale Violet-Red,#db7093,219,112,147,0.8588235294117647,0.4392156862745098,0.5764705882352941,359.92303463441453
583,Scarlet/Rose,Pansy Purple,#78184a,120,24,74,0.47058823529411764,0.09411764705882353,0.2901960784313726,359.87745098039215
584,Red,Papaya Whip,#ffefd5,255,239,213,1.0,0.9372549019607843,0.8352941176470589,0.14565826330532208
585,Green,Paris Green,#50c878,80,200,120,0.3137254901960784,0.7843137254901961,0.47058823529411764,120.07843137254902
586,Blue,Pastel Blue,#aec6cf,174,198,207,0.6823529411764706,0.7764705882352941,0.8117647058823529,239.82887700534758
587,Red,Pastel Brown,#836953,131,105,83,0.5137254901960784,0.4117647058823529,0.3254901960784314,0.10784313725490192
588,Red,Pastel Gray,#cfcfc4,207,207,196,0.8117647058823529,0.8117647058823529,0.7686274509803922,0.2352941176470586
589,Green,Pastel Green,#7d7,119,221,119,0.4666666666666667,0.8666666666666667,0.4666666666666667,120.0
590,Scarlet/Rose,Pastel Magenta,#f49ac2,244,154,194,0.9568627450980393,0.6039215686274509,0.7607843137254902,359.8954248366013
591,Red,Pastel Orange,#ffb347,255,179,71,1.0,0.7019607843137254,0.2784313725490196,0.13810741687979539
592,Red,Pastel Pink,#dea5a4,222,165,164,0.8705882352941177,0.6470588235294118,0.6431372549019608,0.004056795131845827
593,Warm Blue/Violet,Pastel Purple,#b39eb5,179,158,181,0.7019607843137254,0.6196078431372549,0.7098039215686275,240.21483375959076
594,Red,Pastel Red,#ff6961,255,105,97,1.0,0.4117647058823529,0.3803921568627451,0.011913626209977662
595,Scarlet/Rose,Pastel Violet,#cb99c9,203,153,201,0.796078431372549,0.6,0.788235294117647,359.7741176470588
596,Red,Pastel Yellow,#fdfd96,253,253,150,0.9921568627450981,0.9921568627450981,0.5882352941176471,0.23529411764705882
597,Scarlet/Rose,Patriarch,#800080,128,0,128,0.5019607843137255,0.0,0.5019607843137255,359.7647058823529
598,Blue,Payne'S Grey,#536878,83,104,120,0.3254901960784314,0.40784313725490196,0.47058823529411764,239.8664546899841
599,Red,Peach,#ffe5b4,255,229,180,1.0,0.8980392156862745,0.7058823529411765,0.15372549019607842
600,Red,Peach (Crayola),#ffcba4,255,203,164,1.0,0.796078431372549,0.6431372549019608,0.10084033613445373
601,Red,Peach-Orange,#fc9,255,204,153,1.0,0.8,0.6,0.11764705882352947
602,Red,Peach Puff,#ffdab9,255,218,185,1.0,0.8549019607843137,0.7254901960784313,0.11092436974789915
603,Red,Peach-Yellow,#fadfad,250,223,173,0.9803921568627451,0.8745098039215686,0.6784313725490196,0.15278838808250572
604,Yellow Green/Leaf Green,Pear,#d1e231,209,226,49,0.8196078431372549,0.8862745098039215,0.19215686274509805,119.78730475240944
605,Red,Pearl,#eae0c8,234,224,200,0.9176470588235294,0.8784313725490196,0.7843137254901961,0.16608996539792387
606,Green,Pearl Aqua,#88d8c0,136,216,192,0.5333333333333333,0.8470588235294118,0.7529411764705882,120.16470588235295
607,Scarlet/Rose,Pearly Purple,#b768a2,183,104,162,0.7176470588235294,0.40784313725490196,0.6352941176470588,359.8272524199553
608,Red,Peridot,#e6e200,230,226,0,0.9019607843137255,0.8862745098039215,0.0,0.2312020460358056
609,Warm Blue/Violet,Periwinkle,#ccf,204,204,255,0.8,0.8,1.0,240.0
610,Blue,Persian Blue,#1c39bb,28,57,187,0.10980392156862745,0.2235294117647059,0.7333333333333333,239.9570847206807
611,Green,Persian Green,#00a693,0,166,147,0.0,0.6509803921568628,0.5764705882352941,120.20836286321759
612,Warm Blue/Violet,Persian Indigo,#32127a,50,18,122,0.19607843137254902,0.07058823529411765,0.47843137254901963,240.07239819004525
613,Red,Persian Orange,#d99058,217,144,88,0.8509803921568627,0.5647058823529412,0.34509803921568627,0.10214318285453716
614,Scarlet/Rose,Persian Pink,#f77fbe,247,127,190,0.9686274509803922,0.4980392156862745,0.7450980392156863,359.8764705882353
615,Red,Persian Plum,#701c1c,112,28,28,0.4392156862745098,0.10980392156862745,0.10980392156862745,0.0
616,Red,Persian Red,#c33,204,51,51,0.8,0.2,0.2,0.0
617,Scarlet/Rose,Persian Rose,#fe28a2,254,40,162,0.996078431372549,0.1568627450980392,0.6352941176470588,359.8658603628367
618,Red,Persimmon,#ec5800,236,88,0,0.9254901960784314,0.34509803921568627,0.0,0.08773678963110668
619,Red,Peru,#cd853f,205,133,63,0.803921568627451,0.5215686274509804,0.24705882352941178,0.11599005799502901
620,Warm Blue/Violet,Phlox,#df00ff,223,0,255,0.8745098039215686,0.0,1.0,240.20576701268743
621,Blue,Phthalo Blue,#000f89,0,15,137,0.0,0.058823529411764705,0.5372549019607843,239.97423787033063
622,Green,Phthalo Green,#123524,18,53,36,0.07058823529411765,0.20784313725490197,0.1411764705882353,120.12100840336133
623,Scarlet/Rose,Piggy Pink,#fddde6,253,221,230,0.9921568627450981,0.8666666666666667,0.9019607843137255,359.93382352941177
624,Green,Pine Green,#01796f,1,121,111,0.00392156862745098,0.4745098039215686,0.43529411764705883,120.2156862745098
625,Scarlet/Rose,Pink,#ffc0cb,255,192,203,1.0,0.7529411764705882,0.796078431372549,359.95891690009336
626,Scarlet/Rose,Pink Lace,#ffddf4,255,221,244,1.0,0.8666666666666667,0.9568627450980393,359.84083044982697
627,Red,Pink-Orange,#f96,255,153,102,1.0,0.6,0.4,0.07843137254901959
628,Scarlet/Rose,Pink Pearl,#e7accf,231,172,207,0.9058823529411765,0.6745098039215687,0.8117647058823529,359.8604187437687
629,Scarlet/Rose,Pink Sherbet,#f78fa7,247,143,167,0.9686274509803922,0.5607843137254902,0.6549019607843137,359.9457013574661
630,Yellow Green/Leaf Green,Pistachio,#93c572,147,197,114,0.5764705882352941,0.7725490196078432,0.4470588235294118,119.90644932671864
631,Red,Platinum,#e5e4e2,229,228,226,0.8980392156862745,0.8941176470588236,0.8862745098039215,0.15686274509804088
632,Scarlet/Rose,Plum (Traditional),#8e4585,142,69,133,0.5568627450980392,0.27058823529411763,0.5215686274509804,359.79371474617244
633,Scarlet/Rose,Plum (Web),#dda0dd,221,160,221,0.8666666666666667,0.6274509803921569,0.8666666666666667,359.7647058823529
634,Red,Portland Orange,#ff5a36,255,90,54,1.0,0.35294117647058826,0.21176470588235294,0.042142230026338906
635,Blue,Powder Blue (Web),#b0e0e6,176,224,230,0.6901960784313725,0.8784313725490196,0.9019607843137255,239.79084967320262
636,Red,Princeton Orange,#ff8f00,255,143,0,1.0,0.5607843137254902,0.0,0.13194925028835064
637,Red,Prune,#701c1c,112,28,28,0.4392156862745098,0.10980392156862745,0.10980392156862745,0.0
638,Blue,Prussian Blue,#003153,0,49,83,0.0,0.19215686274509805,0.3254901960784314,239.86109142452162
639,Warm Blue/Violet,Psychedelic Purple,#df00ff,223,0,255,0.8745098039215686,0.0,1.0,240.20576701268743
640,Scarlet/Rose,Puce,#c89,204,136,153,0.8,0.5333333333333333,0.6,359.94117647058823
641,Red,Pumpkin,#ff7518,255,117,24,1.0,0.4588235294117647,0.09411764705882353,0.09472880061115355
642,Warm Blue/Violet,Purple Heart,#69359c,105,53,156,0.4117647058823529,0.20784313725490197,0.611764705882353,240.11878926327813
643,Scarlet/Rose,Purple (Html/Css),#800080,128,0,128,0.5019607843137255,0.0,0.5019607843137255,359.7647058823529
644,Warm Blue/Violet,Purple Mountain Majesty,#9678b6,150,120,182,0.5882352941176471,0.47058823529411764,0.7137254901960784,240.11385199240988
645,Warm Blue/Violet,Purple (Munsell),#9f00c5,159,0,197,0.6235294117647059,0.0,0.7725490196078432,240.18990743505523
646,Scarlet/Rose,Purple Pizzazz,#fe4eda,254,78,218,0.996078431372549,0.3058823529411765,0.8549019607843137,359.81283422459893
647,Scarlet/Rose,Purple Taupe,#50404d,80,64,77,0.3137254901960784,0.25098039215686274,0.30196078431372547,359.80882352941177
648,Warm Blue/Violet,Purple (X11),#a020f0,160,32,240,0.6274509803921569,0.12549019607843137,0.9411764705882353,240.1447963800905
649,Scarlet/Rose,Quartz,#51484f,81,72,79,0.3176470588235294,0.2823529411764706,0.30980392156862746,359.8169934640523
650,Blue,Rackley,#5d8aa8,93,138,168,0.36470588235294116,0.5411764705882353,0.6588235294117647,239.85882352941175
651,Scarlet/Rose,Radical Red,#ff355e,255,53,94,1.0,0.20784313725490197,0.3686274509803922,359.9522422830518
652,Red,Rajah,#fbab60,251,171,96,0.984313725490196,0.6705882352941176,0.3764705882352941,0.11385199240986715
653,Scarlet/Rose,Raspberry,#e30b5d,227,11,93,0.8901960784313725,0.043137254901960784,0.36470588235294116,359.9106753812636
654,Scarlet/Rose,Raspberry Glace,#915f6d,145,95,109,0.5686274509803921,0.37254901960784315,0.42745098039215684,359.9341176470588
655,Scarlet/Rose,Raspberry Pink,#e25098,226,80,152,0.8862745098039215,0.3137254901960784,0.596078431372549,359.883964544722
656,Scarlet/Rose,Raspberry Rose,#b3446c,179,68,108,0.7019607843137254,0.26666666666666666,0.4235294117647059,359.91520932697404
657,Red,Raw Umber,#826644,130,102,68,0.5098039215686274,0.4,0.26666666666666666,0.12903225806451615
658,Scarlet/Rose,Razzle Dazzle Rose,#f3c,255,51,204,1.0,0.2,0.8,359.8235294117647
659,Scarlet/Rose,Razzmatazz,#e3256b,227,37,107,0.8901960784313725,0.1450980392156863,0.4196078431372549,359.9133126934984
660,Red,Red,#f00,255,0,0,1.0,0.0,0.0,0.0
661,Red,Red-Brown,#a52a2a,165,42,42,0.6470588235294118,0.16470588235294117,0.16470588235294117,0.0
662,Scarlet/Rose,Red Devil,#860111,134,1,17,0.5254901960784314,0.00392156862745098,0.06666666666666667,359.9716939407342
663,Scarlet/Rose,Red (Munsell),#f2003c,242,0,60,0.9490196078431372,0.0,0.23529411764705882,359.9416626154594
664,Scarlet/Rose,Red (Ncs),#c40233,196,2,51,0.7686274509803922,0.00784313725490196,0.2,359.94057004244996
665,Red,Red-Orange,#ff5349,255,83,73,1.0,0.3254901960784314,0.28627450980392155,0.012928248222365879
666,Scarlet/Rose,Red (Pigment),#ed1c24,237,28,36,0.9294117647058824,0.10980392156862745,0.1411764705882353,359.99099352659726
667,Red,Red (Ryb),#fe2712,254,39,18,0.996078431372549,0.15294117647058825,0.07058823529411765,0.020937188434695917
668,Scarlet/Rose,Red-Violet,#c71585,199,21,133,0.7803921568627451,0.08235294117647059,0.5215686274509804,359.8519497686715
669,Scarlet/Rose,Redwood,#ab4e52,171,78,82,0.6705882352941176,0.3058823529411765,0.3215686274509804,359.9898798228969
670,Warm Blue/Violet,Regalia,#522d80,82,45,128,0.3215686274509804,0.17647058823529413,0.5019607843137255,240.10489014883063
671,Blue,Resolution Blue,#002387,0,35,135,0.0,0.13725490196078433,0.5294117647058824,239.93899782135077
672,Green,Rich Black,#004040,0,64,64,0.0,0.25098039215686274,0.25098039215686274,120.23529411764706
673,Warm Blue/Violet,Rich Brilliant Lavender,#f1a7fe,241,167,254,0.9450980392156862,0.6549019607843137,0.996078431372549,240.20013522650436
674,Scarlet/Rose,Rich Carmine,#d70040,215,0,64,0.8431372549019608,0.0,0.25098039215686274,359.9299589603283
675,Blue,Rich Electric Blue,#0892d0,8,146,208,0.03137254901960784,0.5725490196078431,0.8156862745098039,239.83764705882353
676,Warm Blue/Violet,Rich Lavender,#a76bcf,167,107,207,0.6549019607843137,0.4196078431372549,0.8117647058823529,240.14117647058822
677,Warm Blue/Violet,Rich Lilac,#b666d2,182,102,210,0.7137254901960784,0.4,0.8235294117647058,240.17429193899778
678,Scarlet/Rose,Rich Maroon,#b03060,176,48,96,0.6901960784313725,0.18823529411764706,0.3764705882352941,359.9117647058824
679,Yellow Green/Leaf Green,Rifle Green,#414833,65,72,51,0.2549019607843137,0.2823529411764706,0.2,119.84313725490196
680,Green,Robin Egg Blue,#0cc,0,204,204,0.0,0.8,0.8,120.23529411764706
681,Scarlet/Rose,Rose,#ff007f,255,0,127,1.0,0.0,0.4980392156862745,359.8828143021915
682,Scarlet/Rose,Rose Bonbon,#f9429e,249,66,158,0.9764705882352941,0.25882352941176473,0.6196078431372549,359.8817100610736
683,Red,Rose Ebony,#674846,103,72,70,0.403921568627451,0.2823529411764706,0.27450980392156865,0.01426024955436715
684,Scarlet/Rose,Rose Gold,#b76e79,183,110,121,0.7176470588235294,0.43137254901960786,0.4745098039215686,359.9645447219984
685,Scarlet/Rose,Rose Madder,#e32636,227,38,54,0.8901960784313725,0.14901960784313725,0.21176470588235294,359.9800809212574
686,Scarlet/Rose,Rose Pink,#f6c,255,102,204,1.0,0.4,0.8,359.84313725490193
687,Scarlet/Rose,Rose Quartz,#aa98a9,170,152,169,0.6666666666666666,0.596078431372549,0.6627450980392157,359.77777777777777
688,Red,Rose Taupe,#905d5d,144,93,93,0.5647058823529412,0.36470588235294116,0.36470588235294116,0.0
689,Scarlet/Rose,Rose Vale,#ab4e52,171,78,82,0.6705882352941176,0.3058823529411765,0.3215686274509804,359.9898798228969
690,Scarlet/Rose,Rosewood,#65000b,101,0,11,0.396078431372549,0.0,0.043137254901960784,359.97437390797904
691,Red,Rosso Corsa,#d40000,212,0,0,0.8313725490196079,0.0,0.0,0.0
692,Red,Rosy Brown,#bc8f8f,188,143,143,0.7372549019607844,0.5607843137254902,0.5607843137254902,0.0
693,Blue,Royal Azure,#0038a8,0,56,168,0.0,0.2196078431372549,0.6588235294117647,239.921568627451
694,Blue,Royal Blue (Traditional),#002366,0,35,102,0.0,0.13725490196078433,0.4,239.91926182237603
695,Blue,Royal Blue (Web),#4169e1,65,105,225,0.2549019607843137,0.4117647058823529,0.8823529411764706,239.94117647058823
696,Scarlet/Rose,Royal Fuchsia,#ca2c92,202,44,146,0.792156862745098,0.17254901960784313,0.5725490196078431,359.8481012658228
697,Warm Blue/Violet,Royal Purple,#7851a9,120,81,169,0.47058823529411764,0.3176470588235294,0.6627450980392157,240.10427807486633
698,Red,Royal Yellow,#fada5e,250,218,94,0.9803921568627451,0.8549019607843137,0.3686274509803922,0.18702865761689288
699,Scarlet/Rose,Rubine Red,#d10056,209,0,86,0.8196078431372549,0.0,0.33725490196078434,359.90318041092036
700,Scarlet/Rose,Ruby,#e0115f,224,17,95,0.8784313725490196,0.06666666666666667,0.37254901960784315,359.91133844842284
701,Scarlet/Rose,Ruby Red,#9b111e,155,17,30,0.6078431372549019,0.06666666666666667,0.11764705882352941,359.9778346121057
702,Scarlet/Rose,Ruddy,#ff0028,255,0,40,1.0,0.0,0.1568627450980392,359.96309111880043
703,Red,Ruddy Brown,#bb6528,187,101,40,0.7333333333333333,0.396078431372549,0.1568627450980392,0.0976390556222489
704,Scarlet/Rose,Ruddy Pink,#e18e96,225,142,150,0.8823529411764706,0.5568627450980392,0.5882352941176471,359.9773210489015
705,Red,Rufous,#a81c07,168,28,7,0.6588235294117647,0.10980392156862745,0.027450980392156862,0.030690537084398974
706,Red,Russet,#80461b,128,70,27,0.5019607843137255,0.27450980392156865,0.10588235294117647,0.10017472335468841
707,Red,Rust,#b7410e,183,65,14,0.7176470588235294,0.2549019607843137,0.054901960784313725,0.0710059171597633
708,Scarlet/Rose,Rusty Red,#da2c43,218,44,67,0.8549019607843137,0.17254901960784313,0.2627450980392157,359.96889790398916
709,Green,Sacramento State Green,#00563f,0,86,63,0.0,0.33725490196078434,0.24705882352941178,120.17236662106703
710,Red,Saddle Brown,#8b4513,139,69,19,0.5450980392156862,0.27058823529411763,0.07450980392156863,0.0980392156862745
711,Red,Safety Orange (Blaze Orange),#ff6700,255,103,0,1.0,0.403921568627451,0.0,0.095040369088812
712,Red,Saffron,#f4c430,244,196,48,0.9568627450980393,0.7686274509803922,0.18823529411764706,0.177671068427371
713,Red,Salmon,#ff8c69,255,140,105,1.0,0.5490196078431373,0.4117647058823529,0.05490196078431375
714,Scarlet/Rose,Salmon Pink,#ff91a4,255,145,164,1.0,0.5686274509803921,0.6431372549019608,359.95935828877003
715,Red,Sand,#c2b280,194,178,128,0.7607843137254902,0.6980392156862745,0.5019607843137255,0.17825311942959
716,Red,Sand Dune,#967117,150,113,23,0.5882352941176471,0.44313725490196076,0.09019607843137255,0.16674386289949047
717,Red,Sandstorm,#ecd540,236,213,64,0.9254901960784314,0.8352941176470589,0.25098039215686274,0.20383036935704515
718,Red,Sandy Brown,#f4a460,244,164,96,0.9568627450980393,0.6431372549019608,0.3764705882352941,0.10810810810810813
719,Red,Sandy Taupe,#967117,150,113,23,0.5882352941176471,0.44313725490196076,0.09019607843137255,0.16674386289949047
720,Scarlet/Rose,Sangria,#92000a,146,0,10,0.5725490196078431,0.0,0.0392156862745098,359.9838839645447
721,Yellow Green/Leaf Green,Sap Green,#507d2a,80,125,42,0.3137254901960784,0.49019607843137253,0.16470588235294117,119.89227498228206
722,Blue,Sapphire,#0f52ba,15,82,186,0.058823529411764705,0.3215686274509804,0.7294117647058823,239.9078087375301
723,Blue,Sapphire Blue,#0067a5,0,103,165,0.0,0.403921568627451,0.6470588235294118,239.85311942959004
724,Red,Satin Sheen Gold,#cba135,203,161,53,0.796078431372549,0.6313725490196078,0.20784313725490197,0.16941176470588235
725,Red,Scarlet,#ff2400,255,36,0,1.0,0.1411764705882353,0.0,0.03321799307958477
726,Scarlet/Rose,Scarlet (Crayola),#fd0e35,253,14,53,0.9921568627450981,0.054901960784313725,0.20784313725490197,359.9616047255722
727,Red,School Bus Yellow,#ffd800,255,216,0,1.0,0.8470588235294118,0.0,0.19930795847750865
728,Green,Screamin' Green,#76ff7a,118,255,122,0.4627450980392157,1.0,0.47843137254901963,120.00686990124515
729,Blue,Sea Blue,#006994,0,105,148,0.0,0.4117647058823529,0.5803921568627451,239.83306836248013
730,Green,Sea Green,#2e8b57,46,139,87,0.1803921568627451,0.5450980392156862,0.3411764705882353,120.10373181530676
731,Red,Seal Brown,#321414,50,20,20,0.19607843137254902,0.0784313725490196,0.0784313725490196,0.0
732,Red,Seashell,#fff5ee,255,245,238,1.0,0.9607843137254902,0.9333333333333333,0.09688581314878897
733,Red,Selective Yellow,#ffba00,255,186,0,1.0,0.7294117647058823,0.0,0.17162629757785466
734,Red,Sepia,#704214,112,66,20,0.4392156862745098,0.25882352941176473,0.0784313725490196,0.11764705882352944
735,Red,Shadow,#8a795d,138,121,93,0.5411764705882353,0.4745098039215686,0.36470588235294116,0.14640522875816991
736,Green,Shamrock Green,#009e60,0,158,96,0.0,0.6196078431372549,0.3764705882352941,120.14296351451974
737,Scarlet/Rose,Shocking Pink,#fc0fc0,252,15,192,0.9882352941176471,0.058823529411764705,0.7529411764705882,359.8242740134028
738,Scarlet/Rose,Shocking Pink (Crayola),#ff6fff,255,111,255,1.0,0.43529411764705883,1.0,359.7647058823529
739,Red,Sienna,#882d17,136,45,23,0.5333333333333333,0.17647058823529413,0.09019607843137255,0.04580947423217075
740,Scarlet/Rose,Silver,#c0c0c0,192,192,192,0.7529411764705882,0.7529411764705882,0.7529411764705882,
741,Red,Sinopia,#cb410b,203,65,11,0.796078431372549,0.2549019607843137,0.043137254901960784,0.06617647058823528
742,Green,Skobeloff,#007474,0,116,116,0.0,0.4549019607843137,0.4549019607843137,120.23529411764706
743,Blue,Sky Blue,#87ceeb,135,206,235,0.5294117647058824,0.807843137254902,0.9215686274509803,239.8329411764706
744,Scarlet/Rose,Sky Magenta,#cf71af,207,113,175,0.8117647058823529,0.44313725490196076,0.6862745098039216,359.84480600750936
745,Warm Blue/Violet,Slate Blue,#6a5acd,106,90,205,0.41568627450980394,0.35294117647058826,0.803921568627451,240.03273657289003
746,Blue,Slate Gray,#708090,112,128,144,0.4392156862745098,0.5019607843137255,0.5647058823529412,239.88235294117646
747,Blue,Smalt (Dark Powder Blue),#039,0,51,153,0.0,0.2,0.6,239.921568627451
748,Scarlet/Rose,Smokey Topaz,#933d41,147,61,65,0.5764705882352941,0.23921568627450981,0.2549019607843137,359.9890560875513
749,Red,Smoky Black,#100c08,16,12,8,0.06274509803921569,0.047058823529411764,0.03137254901960784,0.11764705882352941
750,Red,Snow,#fffafa,255,250,250,1.0,0.9803921568627451,0.9803921568627451,0.0
751,Blue,Spiro Disco Ball,#0fc0fc,15,192,252,0.058823529411764705,0.7529411764705882,0.9882352941176471,239.82427401340283
752,Yellow Green/Leaf Green,Spring Bud,#a7fc00,167,252,0,0.6549019607843137,0.9882352941176471,0.0,119.84407096171803
753,Green,Spring Green,#00ff7f,0,255,127,0.0,1.0,0.4980392156862745,120.11718569780854
754,Blue,St. Patrick'S Blue,#23297a,35,41,122,0.13725490196078433,0.1607843137254902,0.47843137254901963,239.98377281947262
755,Blue,Steel Blue,#4682b4,70,130,180,0.27450980392156865,0.5098039215686274,0.7058823529411765,239.8716577540107
756,Red,Stil De Grain Yellow,#fada5e,250,218,94,0.9803921568627451,0.8549019607843137,0.3686274509803922,0.18702865761689288
757,Red,Stizza,#900,153,0,0,0.6,0.0,0.0,0.0
758,Blue,Stormcloud,#4f666a,79,102,106,0.30980392156862746,0.4,0.41568627450980394,239.7995642701525
759,Red,Straw,#e4d96f,228,217,111,0.8941176470588236,0.8509803921568627,0.43529411764705883,0.2131724484665661
760,Red,Sunglow,#fc3,255,204,51,1.0,0.8,0.2,0.17647058823529413
761,Red,Sunset,#fad6a5,250,214,165,0.9803921568627451,0.8392156862745098,0.6470588235294118,0.1356401384083045
762,Red,Tan,#d2b48c,210,180,140,0.8235294117647058,0.7058823529411765,0.5490196078431373,0.13445378151260504
763,Red,Tangelo,#f94d00,249,77,0,0.9764705882352941,0.30196078431372547,0.0,0.07276163477439168
764,Red,Tangerine,#f28500,242,133,0,0.9490196078431372,0.5215686274509804,0.0,0.12931453573164803
765,Red,Tangerine Yellow,#fc0,255,204,0,1.0,0.8,0.0,0.18823529411764708
766,Scarlet/Rose,Tango Pink,#e4717a,228,113,122,0.8941176470588236,0.44313725490196076,0.47843137254901963,359.98158567774937
767,Red,Taupe,#483c32,72,60,50,0.2823529411764706,0.23529411764705882,0.19607843137254902,0.10695187165775401
768,Scarlet/Rose,Taupe Gray,#8b8589,139,133,137,0.5450980392156862,0.5215686274509804,0.5372549019607843,359.843137254902
769,Yellow Green/Leaf Green,Tea Green,#d0f0c0,208,240,192,0.8156862745098039,0.9411764705882353,0.7529411764705882,119.92156862745098
770,Red,Tea Rose (Orange),#f88379,248,131,121,0.9725490196078431,0.5137254901960784,0.4745098039215686,0.018527095877721153
771,Red,Tea Rose (Rose),#f4c2c2,244,194,194,0.9568627450980393,0.7607843137254902,0.7607843137254902,0.0
772,Green,Teal,#008080,0,128,128,0.0,0.5019607843137255,0.5019607843137255,120.23529411764706
773,Blue,Teal Blue,#367588,54,117,136,0.21176470588235294,0.4588235294117647,0.5333333333333333,239.81922525107603
774,Green,Teal Green,#00827f,0,130,127,0.0,0.5098039215686274,0.4980392156862745,120.22986425339366
775,Scarlet/Rose,Telemagenta,#cf3476,207,52,118,0.8117647058823529,0.20392156862745098,0.4627450980392157,359.8998102466793
776,Red,Tenné (Tawny),#cd5700,205,87,0,0.803921568627451,0.3411764705882353,0.0,0.09985652797704449
777,Red,Terra Cotta,#e2725b,226,114,91,0.8862745098039215,0.4470588235294118,0.3568627450980392,0.040087145969498916
778,Scarlet/Rose,Thistle,#d8bfd8,216,191,216,0.8470588235294118,0.7490196078431373,0.8470588235294118,359.7647058823529
779,Scarlet/Rose,Thulian Pink,#de6fa1,222,111,161,0.8705882352941177,0.43529411764705883,0.6313725490196078,359.89401165871755
780,Scarlet/Rose,Tickle Me Pink,#fc89ac,252,137,172,0.9882352941176471,0.5372549019607843,0.6745098039215687,359.9283887468031
781,Green,Tiffany Blue,#0abab5,10,186,181,0.0392156862745098,0.7294117647058823,0.7098039215686275,120.22860962566845
782,Red,Tiger'S Eye,#e08d3c,224,141,60,0.8784313725490196,0.5529411764705883,0.23529411764705882,0.11621233859397419
783,Red,Timberwolf,#dbd7d2,219,215,210,0.8588235294117647,0.8431372549019608,0.8235294117647058,0.1307189542483663
784,Red,Titanium Yellow,#eee600,238,230,0,0.9333333333333333,0.9019607843137255,0.0,0.2273850716757291
785,Red,Tomato,#ff6347,255,99,71,1.0,0.38823529411764707,0.2784313725490196,0.03580562659846547
786,Warm Blue/Violet,Toolbox,#746cc0,116,108,192,0.4549019607843137,0.4235294117647059,0.7529411764705882,240.02240896358543
787,Red,Topaz,#ffc87c,255,200,124,1.0,0.7843137254901961,0.48627450980392156,0.1365065110013471
788,Scarlet/Rose,Tractor Red,#fd0e35,253,14,53,0.9921568627450981,0.054901960784313725,0.20784313725490197,359.9616047255722
789,Scarlet/Rose,Trolley Grey,#808080,128,128,128,0.5019607843137255,0.5019607843137255,0.5019607843137255,
790,Green,Tropical Rain Forest,#00755e,0,117,94,0.0,0.4588235294117647,0.3686274509803922,120.18903971845147
791,Blue,True Blue,#0073cf,0,115,207,0.0,0.45098039215686275,0.8117647058823529,239.86928104575162
792,Blue,Tufts Blue,#417dc1,65,125,193,0.2549019607843137,0.49019607843137253,0.7568627450980392,239.88970588235293
793,Red,Tumbleweed,#deaa88,222,170,136,0.8705882352941177,0.6666666666666666,0.5333333333333333,0.09302325581395347
794,Scarlet/Rose,Turkish Rose,#b57281,181,114,129,0.7098039215686275,0.4470588235294118,0.5058823529411764,359.9473222124671
795,Green,Turquoise,#30d5c8,48,213,200,0.18823529411764706,0.8352941176470589,0.7843137254901961,120.21675579322638
796,Green,Turquoise Blue,#00ffef,0,255,239,0.0,1.0,0.9372549019607843,120.22053056516724
797,Green,Turquoise Green,#a0d6b4,160,214,180,0.6274509803921569,0.8392156862745098,0.7058823529411765,120.08714596949889
798,Red,Tuscan Red,#7c4848,124,72,72,0.48627450980392156,0.2823529411764706,0.2823529411764706,0.0
799,Scarlet/Rose,Twilight Lavender,#8a496b,138,73,107,0.5411764705882353,0.28627450980392155,0.4196078431372549,359.87692307692305
800,Scarlet/Rose,Tyrian Purple,#66023c,102,2,60,0.4,0.00784313725490196,0.23529411764705882,359.8635294117647
801,Blue,Ua Blue,#03a,0,51,170,0.0,0.2,0.6666666666666666,239.9294117647059
802,Scarlet/Rose,Ua Red,#d9004c,217,0,76,0.8509803921568627,0.0,0.2980392156862745,359.91759284358903
803,Warm Blue/Violet,Ube,#8878c3,136,120,195,0.5333333333333333,0.47058823529411764,0.7647058823529411,240.05019607843136
804,Blue,Ucla Blue,#536895,83,104,149,0.3254901960784314,0.40784313725490196,0.5843137254901961,239.92513368983956
805,Red,Ucla Gold,#ffb300,255,179,0,1.0,0.7019607843137254,0.0,0.1651672433679354
806,Green,Ufo Green,#3cd070,60,208,112,0.23529411764705882,0.8156862745098039,0.4392156862745098,120.0826709062003
807,Scarlet/Rose,Ultra Pink,#ff6fff,255,111,255,1.0,0.43529411764705883,1.0,359.7647058823529
808,Warm Blue/Violet,Ultramarine,#120a8f,18,10,143,0.07058823529411765,0.0392156862745098,0.5607843137254902,240.0141530296329
809,Blue,Ultramarine Blue,#4166f5,65,102,245,0.2549019607843137,0.4,0.9607843137254902,239.9516339869281
810,Red,Umber,#635147,99,81,71,0.38823529411764707,0.3176470588235294,0.2784313725490196,0.08403361344537809
811,Red,Unbleached Silk,#ffddca,255,221,202,1.0,0.8666666666666667,0.792156862745098,0.08435072142064381
812,Blue,United Nations Blue,#5b92e5,91,146,229,0.3568627450980392,0.5725490196078431,0.8980392156862745,239.9062233589088
813,Red,University Of California Gold,#b78727,183,135,39,0.7176470588235294,0.5294117647058824,0.15294117647058825,0.1568627450980392
814,Red,Unmellow Yellow,#ff6,255,255,102,1.0,1.0,0.4,0.23529411764705882
815,Green,Up Forest Green,#014421,1,68,33,0.00392156862745098,0.26666666666666666,0.12941176470588237,120.11237928007024
816,Scarlet/Rose,Up Maroon,#7b1113,123,17,19,0.4823529411764706,0.06666666666666667,0.07450980392156863,359.99556048834626
817,Scarlet/Rose,Upsdell Red,#ae2029,174,32,41,0.6823529411764706,0.12549019607843137,0.1607843137254902,359.9850869925435
818,Red,Urobilin,#e1ad21,225,173,33,0.8823529411764706,0.6784313725490196,0.12941176470588237,0.1715686274509804
819,Blue,Usafa Blue,#004f98,0,79,152,0.0,0.30980392156862746,0.596078431372549,239.87770897832817
820,Red,Usc Cardinal,#900,153,0,0,0.6,0.0,0.0,0.0
821,Red,Usc Gold,#fc0,255,204,0,1.0,0.8,0.0,0.18823529411764708
822,Scarlet/Rose,Utah Crimson,#d3003f,211,0,63,0.8274509803921568,0.0,0.24705882352941178,359.92974630610536
823,Red,Vanilla,#f3e5ab,243,229,171,0.9529411764705882,0.8980392156862745,0.6705882352941176,0.1895424836601308
824,Red,Vegas Gold,#c5b358,197,179,88,0.7725490196078432,0.7019607843137254,0.34509803921568627,0.19643820831084727
825,Scarlet/Rose,Venetian Red,#c80815,200,8,21,0.7843137254901961,0.03137254901960784,0.08235294117647059,359.984068627451
826,Green,Verdigris,#43b3ae,67,179,174,0.2627450980392157,0.7019607843137254,0.6823529411764706,120.2247899159664
827,Red,Vermilion (Cinnabar),#e34234,227,66,52,0.8901960784313725,0.25882352941176473,0.20392156862745098,0.018823529411764715
828,Red,Vermilion (Plochere),#d9603b,217,96,59,0.8509803921568627,0.3764705882352941,0.23137254901960785,0.055100521221146684
829,Warm Blue/Violet,Veronica,#a020f0,160,32,240,0.6274509803921569,0.12549019607843137,0.9411764705882353,240.1447963800905
830,Warm Blue/Violet,Violet,#8f00ff,143,0,255,0.5607843137254902,0.0,1.0,240.13194925028833
831,Blue,Violet-Blue,#324ab2,50,74,178,0.19607843137254902,0.2901960784313726,0.6980392156862745,239.95588235294116
832,Warm Blue/Violet,Violet (Color Wheel),#7f00ff,127,0,255,0.4980392156862745,0.0,1.0,240.11718569780854
833,Warm Blue/Violet,Violet (Ryb),#8601af,134,1,175,0.5254901960784314,0.00392156862745098,0.6862745098039216,240.17985125084516
834,Scarlet/Rose,Violet (Web),#ee82ee,238,130,238,0.9333333333333333,0.5098039215686274,0.9333333333333333,359.7647058823529
835,Green,Viridian,#40826d,64,130,109,0.25098039215686274,0.5098039215686274,0.42745098039215684,120.16042780748661
836,Red,Vivid Auburn,#922724,146,39,36,0.5725490196078431,0.15294117647058825,0.1411764705882353,0.006417112299465249
837,Scarlet/Rose,Vivid Burgundy,#9f1d35,159,29,53,0.6235294117647059,0.11372549019607843,0.20784313725490197,359.95656108597285
838,Scarlet/Rose,Vivid Cerise,#da1d81,218,29,129,0.8549019607843137,0.11372549019607843,0.5058823529411764,359.8755057578587
839,Red,Vivid Tangerine,#ffa089,255,160,137,1.0,0.6274509803921569,0.5372549019607843,0.04586241276171486
840,Warm Blue/Violet,Vivid Violet,#9f00ff,159,0,255,0.6235294117647059,0.0,1.0,240.14671280276818
841,Green,Warm Black,#004242,0,66,66,0.0,0.25882352941176473,0.25882352941176473,120.23529411764706
842,Blue,Waterspout,#a4f4f9,164,244,249,0.6431372549019608,0.9568627450980393,0.9764705882352941,239.77854671280278
843,Red,Wenge,#645452,100,84,82,0.39215686274509803,0.32941176470588235,0.3215686274509804,0.02614379084967311
844,Red,Wheat,#f5deb3,245,222,179,0.9607843137254902,0.8705882352941177,0.7019607843137254,0.1532976827094475
845,Scarlet/Rose,White,#fff,255,255,255,1.0,1.0,1.0,
846,Scarlet/Rose,White Smoke,#f5f5f5,245,245,245,0.9607843137254902,0.9607843137254902,0.9607843137254902,
847,Blue,Wild Blue Yonder,#a2add0,162,173,208,0.6352941176470588,0.6784313725490196,0.8156862745098039,239.94373401534529
848,Scarlet/Rose,Wild Strawberry,#ff43a4,255,67,164,1.0,0.2627450980392157,0.6431372549019608,359.87859824780975
849,Scarlet/Rose,Wild Watermelon,#fc6c85,252,108,133,0.9882352941176471,0.4235294117647059,0.5215686274509804,359.9591503267974
850,Scarlet/Rose,Wine,#722f37,114,47,55,0.4470588235294118,0.1843137254901961,0.21568627450980393,359.97190517998246
851,Scarlet/Rose,Wine Dregs,#673147,103,49,71,0.403921568627451,0.19215686274509805,0.2784313725490196,359.9041394335512
852,Warm Blue/Violet,Wisteria,#c9a0dc,201,160,220,0.788235294117647,0.6274509803921569,0.8627450980392157,240.16078431372546
853,Red,Wood Brown,#c19a6b,193,154,107,0.7568627450980392,0.6039215686274509,0.4196078431372549,0.1285909712722298
854,Green,Xanadu,#738678,115,134,120,0.45098039215686275,0.5254901960784314,0.47058823529411764,120.06191950464397
855,Blue,Yale Blue,#0f4d92,15,77,146,0.058823529411764705,0.30196078431372547,0.5725490196078431,239.88863942523574
856,Red,Yellow,#ff0,255,255,0,1.0,1.0,0.0,0.23529411764705882
857,Yellow Green/Leaf Green,Yellow-Green,#9acd32,154,205,50,0.6039215686274509,0.803921568627451,0.19607843137254902,119.84212523719165
858,Red,Yellow (Munsell),#efcc00,239,204,0,0.9372549019607843,0.8,0.0,0.20083682008368203
859,Red,Yellow (Ncs),#ffd300,255,211,0,1.0,0.8274509803921568,0.0,0.1946943483275663
860,Red,Yellow Orange,#ffae42,255,174,66,1.0,0.6823529411764706,0.25882352941176473,0.13445378151260504
861,Red,Yellow (Process),#ffef00,255,239,0,1.0,0.9372549019607843,0.0,0.22053056516724337
862,Red,Yellow (Ryb),#fefe33,254,254,51,0.996078431372549,0.996078431372549,0.2,0.23529411764705882
863,Blue,Zaffre,#0014a8,0,20,168,0.0,0.0784313725490196,0.6588235294117647,239.9719887955182
864,Red,Zinnwaldite Brown,#2c1608,44,22,8,0.17254901960784313,0.08627450980392157,0.03137254901960784,0.0915032679738562
